time,hex_id,label
2941,-6_12,1
2942,-6_12,1
2943,-6_12,1
2944,-6_12,1
2945,-6_12,1
2946,-6_12,1
2947,-6_12,1
2948,-6_12,1
2949,-6_12,1
2950,-6_12,1
2951,-6_12,1
2952,-6_12,1
2941,-5_10,1
2942,-5_10,1
2943,-5_10,1
2944,-5_10,1
2945,-5_10,1
2946,-5_10,1
2947,-5_10,1
2948,-5_10,1
2949,-5_10,1
2950,-5_10,1
2951,-5_10,1
2952,-5_10,1
2941,-5_11,1
2942,-5_11,1
2943,-5_11,1
2944,-5_11,1
2945,-5_11,1
2946,-5_11,1
2947,-5_11,1
2948,-5_11,1
2949,-5_11,1
2950,-5_11,1
2951,-5_11,1
2952,-5_11,1
2941,-5_12,1
2942,-5_12,1
2943,-5_12,1
2944,-5_12,1
2945,-5_12,1
2946,-5_12,1
2947,-5_12,1
2948,-5_12,1
2949,-5_12,1
2950,-5_12,1
2951,-5_12,1
2952,-5_12,1
2941,-4_8,1
2942,-4_8,1
2943,-4_8,1
2944,-4_8,1
2945,-4_8,1
2946,-4_8,1
2947,-4_8,1
2948,-4_8,1
2949,-4_8,1
2950,-4_8,1
2951,-4_8,1
2952,-4_8,1
2941,-4_9,1
2942,-4_9,1
2943,-4_9,1
2944,-4_9,1
2945,-4_9,1
2946,-4_9,1
2947,-4_9,1
2948,-4_9,1
2949,-4_9,1
2950,-4_9,1
2951,-4_9,1
2952,-4_9,1
2941,-4_10,1
2942,-4_10,1
2943,-4_10,1
2944,-4_10,1
2945,-4_10,1
2946,-4_10,1
2947,-4_10,1
2948,-4_10,1
2949,-4_10,1
2950,-4_10,1
2951,-4_10,1
2952,-4_10,1
2941,-4_11,1
2942,-4_11,1
2943,-4_11,1
2944,-4_11,1
2945,-4_11,1
2946,-4_11,1
2947,-4_11,1
2948,-4_11,1
2949,-4_11,1
2950,-4_11,1
2951,-4_11,1
2952,-4_11,1
2941,-4_12,1
2942,-4_12,1
2943,-4_12,1
2944,-4_12,1
2945,-4_12,1
2946,-4_12,1
2947,-4_12,1
2948,-4_12,1
2949,-4_12,1
2950,-4_12,1
2951,-4_12,1
2952,-4_12,1
2941,-3_6,1
2942,-3_6,1
2943,-3_6,1
2944,-3_6,1
2945,-3_6,1
2946,-3_6,1
2947,-3_6,1
2948,-3_6,1
2949,-3_6,1
2950,-3_6,1
2951,-3_6,1
2952,-3_6,1
2941,-3_7,1
2942,-3_7,1
2943,-3_7,1
2944,-3_7,1
2945,-3_7,1
2946,-3_7,1
2947,-3_7,1
2948,-3_7,1
2949,-3_7,1
2950,-3_7,1
2951,-3_7,1
2952,-3_7,1
2941,-3_8,1
2942,-3_8,1
2943,-3_8,1
2944,-3_8,1
2945,-3_8,1
2946,-3_8,1
2947,-3_8,1
2948,-3_8,1
2949,-3_8,1
2950,-3_8,1
2951,-3_8,1
2952,-3_8,1
2941,-3_9,1
2942,-3_9,1
2943,-3_9,1
2944,-3_9,1
2945,-3_9,1
2946,-3_9,1
2947,-3_9,1
2948,-3_9,1
2949,-3_9,1
2950,-3_9,1
2951,-3_9,1
2952,-3_9,1
2941,-3_10,1
2942,-3_10,1
2943,-3_10,1
2944,-3_10,1
2945,-3_10,1
2946,-3_10,1
2947,-3_10,1
2948,-3_10,1
2949,-3_10,1
2950,-3_10,1
2951,-3_10,1
2952,-3_10,1
2941,-3_11,1
2942,-3_11,1
2943,-3_11,1
2944,-3_11,1
2945,-3_11,1
2946,-3_11,1
2947,-3_11,1
2948,-3_11,1
2949,-3_11,1
2950,-3_11,1
2951,-3_11,1
2952,-3_11,1
2941,-3_12,1
2942,-3_12,1
2943,-3_12,1
2944,-3_12,1
2945,-3_12,1
2946,-3_12,1
2947,-3_12,1
2948,-3_12,1
2949,-3_12,1
2950,-3_12,1
2951,-3_12,1
2952,-3_12,1
2941,-2_4,1
2942,-2_4,1
2943,-2_4,1
2944,-2_4,1
2945,-2_4,1
2946,-2_4,1
2947,-2_4,1
2948,-2_4,1
2949,-2_4,1
2950,-2_4,1
2951,-2_4,1
2952,-2_4,1
2941,-2_5,1
2942,-2_5,1
2943,-2_5,1
2944,-2_5,1
2945,-2_5,1
2946,-2_5,1
2947,-2_5,1
2948,-2_5,1
2949,-2_5,1
2950,-2_5,1
2951,-2_5,1
2952,-2_5,1
2941,-2_6,1
2942,-2_6,1
2943,-2_6,1
2944,-2_6,1
2945,-2_6,1
2946,-2_6,1
2947,-2_6,1
2948,-2_6,1
2949,-2_6,1
2950,-2_6,1
2951,-2_6,1
2952,-2_6,1
2941,-2_7,1
2942,-2_7,1
2943,-2_7,1
2944,-2_7,1
2945,-2_7,1
2946,-2_7,1
2947,-2_7,1
2948,-2_7,1
2949,-2_7,1
2950,-2_7,1
2951,-2_7,1
2952,-2_7,1
2941,-2_8,1
2942,-2_8,1
2943,-2_8,1
2944,-2_8,1
2945,-2_8,1
2946,-2_8,1
2947,-2_8,1
2948,-2_8,1
2949,-2_8,1
2950,-2_8,1
2951,-2_8,1
2952,-2_8,1
2941,-2_9,1
2942,-2_9,1
2943,-2_9,1
2944,-2_9,1
2945,-2_9,1
2946,-2_9,1
2947,-2_9,1
2948,-2_9,1
2949,-2_9,1
2950,-2_9,1
2951,-2_9,1
2952,-2_9,1
2941,-2_10,1
2942,-2_10,1
2943,-2_10,1
2944,-2_10,1
2945,-2_10,1
2946,-2_10,1
2947,-2_10,1
2948,-2_10,1
2949,-2_10,1
2950,-2_10,1
2951,-2_10,1
2952,-2_10,1
2941,-2_11,1
2942,-2_11,1
2943,-2_11,1
2944,-2_11,1
2945,-2_11,1
2946,-2_11,1
2947,-2_11,1
2948,-2_11,1
2949,-2_11,1
2950,-2_11,1
2951,-2_11,1
2952,-2_11,1
2941,-2_12,1
2942,-2_12,1
2943,-2_12,1
2944,-2_12,1
2945,-2_12,1
2946,-2_12,1
2947,-2_12,1
2948,-2_12,1
2949,-2_12,1
2950,-2_12,1
2951,-2_12,1
2952,-2_12,1
2941,-1_2,1
2942,-1_2,1
2943,-1_2,1
2944,-1_2,1
2945,-1_2,1
2946,-1_2,1
2947,-1_2,1
2948,-1_2,1
2949,-1_2,1
2950,-1_2,1
2951,-1_2,1
2952,-1_2,1
2941,-1_3,1
2942,-1_3,1
2943,-1_3,1
2944,-1_3,1
2945,-1_3,1
2946,-1_3,1
2947,-1_3,1
2948,-1_3,1
2949,-1_3,1
2950,-1_3,1
2951,-1_3,1
2952,-1_3,1
2941,-1_4,1
2942,-1_4,1
2943,-1_4,1
2944,-1_4,1
2945,-1_4,1
2946,-1_4,1
2947,-1_4,1
2948,-1_4,1
2949,-1_4,1
2950,-1_4,1
2951,-1_4,1
2952,-1_4,1
2941,-1_5,1
2942,-1_5,1
2943,-1_5,1
2944,-1_5,1
2945,-1_5,1
2946,-1_5,1
2947,-1_5,1
2948,-1_5,1
2949,-1_5,1
2950,-1_5,1
2951,-1_5,1
2952,-1_5,1
2941,-1_6,1
2942,-1_6,1
2943,-1_6,1
2944,-1_6,1
2945,-1_6,1
2946,-1_6,1
2947,-1_6,1
2948,-1_6,1
2949,-1_6,1
2950,-1_6,1
2951,-1_6,1
2952,-1_6,1
2941,-1_7,1
2942,-1_7,1
2943,-1_7,1
2944,-1_7,1
2945,-1_7,1
2946,-1_7,1
2947,-1_7,1
2948,-1_7,1
2949,-1_7,1
2950,-1_7,1
2951,-1_7,1
2952,-1_7,1
2941,-1_8,1
2942,-1_8,1
2943,-1_8,1
2944,-1_8,1
2945,-1_8,1
2946,-1_8,1
2947,-1_8,1
2948,-1_8,1
2949,-1_8,1
2950,-1_8,1
2951,-1_8,1
2952,-1_8,1
2941,-1_9,1
2942,-1_9,1
2943,-1_9,1
2944,-1_9,1
2945,-1_9,1
2946,-1_9,1
2947,-1_9,1
2948,-1_9,1
2949,-1_9,1
2950,-1_9,1
2951,-1_9,1
2952,-1_9,1
2941,-1_10,1
2942,-1_10,1
2943,-1_10,1
2944,-1_10,1
2945,-1_10,1
2946,-1_10,1
2947,-1_10,1
2948,-1_10,1
2949,-1_10,1
2950,-1_10,1
2951,-1_10,1
2952,-1_10,1
2941,-1_11,1
2942,-1_11,1
2943,-1_11,1
2944,-1_11,1
2945,-1_11,1
2946,-1_11,1
2947,-1_11,1
2948,-1_11,1
2949,-1_11,1
2950,-1_11,1
2951,-1_11,1
2952,-1_11,1
2941,-1_12,1
2942,-1_12,1
2943,-1_12,1
2944,-1_12,1
2945,-1_12,1
2946,-1_12,1
2947,-1_12,1
2948,-1_12,1
2949,-1_12,1
2950,-1_12,1
2951,-1_12,1
2952,-1_12,1
2941,0_0,1
2942,0_0,1
2943,0_0,1
2944,0_0,1
2945,0_0,1
2946,0_0,1
2947,0_0,1
2948,0_0,1
2949,0_0,1
2950,0_0,1
2951,0_0,1
2952,0_0,1
2941,0_1,1
2942,0_1,1
2943,0_1,1
2944,0_1,1
2945,0_1,1
2946,0_1,1
2947,0_1,1
2948,0_1,1
2949,0_1,1
2950,0_1,1
2951,0_1,1
2952,0_1,1
2941,0_2,1
2942,0_2,1
2943,0_2,1
2944,0_2,1
2945,0_2,1
2946,0_2,1
2947,0_2,1
2948,0_2,1
2949,0_2,1
2950,0_2,1
2951,0_2,1
2952,0_2,1
2941,0_3,1
2942,0_3,1
2943,0_3,1
2944,0_3,1
2945,0_3,1
2946,0_3,1
2947,0_3,1
2948,0_3,1
2949,0_3,1
2950,0_3,1
2951,0_3,1
2952,0_3,1
2941,0_4,1
2942,0_4,1
2943,0_4,1
2944,0_4,1
2945,0_4,1
2946,0_4,1
2947,0_4,1
2948,0_4,1
2949,0_4,1
2950,0_4,1
2951,0_4,1
2952,0_4,1
2941,0_5,1
2942,0_5,1
2943,0_5,1
2944,0_5,1
2945,0_5,1
2946,0_5,1
2947,0_5,1
2948,0_5,1
2949,0_5,1
2950,0_5,1
2951,0_5,1
2952,0_5,1
2941,0_6,1
2942,0_6,1
2943,0_6,1
2944,0_6,1
2945,0_6,1
2946,0_6,1
2947,0_6,1
2948,0_6,1
2949,0_6,1
2950,0_6,1
2951,0_6,1
2952,0_6,1
2941,0_7,1
2942,0_7,1
2943,0_7,1
2944,0_7,1
2945,0_7,1
2946,0_7,1
2947,0_7,1
2948,0_7,1
2949,0_7,1
2950,0_7,1
2951,0_7,1
2952,0_7,1
2941,0_8,1
2942,0_8,1
2943,0_8,1
2944,0_8,1
2945,0_8,1
2946,0_8,1
2947,0_8,1
2948,0_8,1
2949,0_8,1
2950,0_8,1
2951,0_8,1
2952,0_8,1
2941,0_9,1
2942,0_9,1
2943,0_9,1
2944,0_9,1
2945,0_9,1
2946,0_9,1
2947,0_9,1
2948,0_9,1
2949,0_9,1
2950,0_9,1
2951,0_9,1
2952,0_9,1
2941,0_10,1
2942,0_10,1
2943,0_10,1
2944,0_10,1
2945,0_10,1
2946,0_10,1
2947,0_10,1
2948,0_10,1
2949,0_10,1
2950,0_10,1
2951,0_10,1
2952,0_10,1
2941,0_11,1
2942,0_11,1
2943,0_11,1
2944,0_11,1
2945,0_11,1
2946,0_11,1
2947,0_11,1
2948,0_11,1
2949,0_11,1
2950,0_11,1
2951,0_11,1
2952,0_11,1
2941,0_12,1
2942,0_12,1
2943,0_12,1
2944,0_12,1
2945,0_12,1
2946,0_12,1
2947,0_12,1
2948,0_12,1
2949,0_12,1
2950,0_12,1
2951,0_12,1
2952,0_12,1
2941,1_0,1
2942,1_0,1
2943,1_0,1
2944,1_0,1
2945,1_0,1
2946,1_0,1
2947,1_0,1
2948,1_0,1
2949,1_0,1
2950,1_0,1
2951,1_0,1
2952,1_0,1
2941,1_1,1
2942,1_1,1
2943,1_1,1
2944,1_1,1
2945,1_1,1
2946,1_1,1
2947,1_1,1
2948,1_1,1
2949,1_1,1
2950,1_1,1
2951,1_1,1
2952,1_1,1
2941,1_2,1
2942,1_2,1
2943,1_2,1
2944,1_2,1
2945,1_2,1
2946,1_2,1
2947,1_2,1
2948,1_2,1
2949,1_2,1
2950,1_2,1
2951,1_2,1
2952,1_2,1
2941,1_3,1
2942,1_3,1
2943,1_3,1
2944,1_3,1
2945,1_3,1
2946,1_3,1
2947,1_3,1
2948,1_3,1
2949,1_3,1
2950,1_3,1
2951,1_3,1
2952,1_3,1
2941,1_4,1
2942,1_4,1
2943,1_4,1
2944,1_4,1
2945,1_4,1
2946,1_4,1
2947,1_4,1
2948,1_4,1
2949,1_4,1
2950,1_4,1
2951,1_4,1
2952,1_4,1
2941,1_5,1
2942,1_5,1
2943,1_5,1
2944,1_5,1
2945,1_5,1
2946,1_5,1
2947,1_5,1
2948,1_5,1
2949,1_5,1
2950,1_5,1
2951,1_5,1
2952,1_5,1
2941,1_6,1
2942,1_6,1
2943,1_6,1
2944,1_6,1
2945,1_6,1
2946,1_6,1
2947,1_6,1
2948,1_6,1
2949,1_6,1
2950,1_6,1
2951,1_6,1
2952,1_6,1
2941,1_7,1
2942,1_7,1
2943,1_7,1
2944,1_7,1
2945,1_7,1
2946,1_7,1
2947,1_7,1
2948,1_7,1
2949,1_7,1
2950,1_7,1
2951,1_7,1
2952,1_7,1
2941,1_8,1
2942,1_8,1
2943,1_8,1
2944,1_8,1
2945,1_8,1
2946,1_8,1
2947,1_8,1
2948,1_8,1
2949,1_8,1
2950,1_8,1
2951,1_8,1
2952,1_8,1
2941,1_9,1
2942,1_9,1
2943,1_9,1
2944,1_9,1
2945,1_9,1
2946,1_9,1
2947,1_9,1
2948,1_9,1
2949,1_9,1
2950,1_9,1
2951,1_9,1
2952,1_9,1
2941,1_10,1
2942,1_10,1
2943,1_10,1
2944,1_10,1
2945,1_10,1
2946,1_10,1
2947,1_10,1
2948,1_10,1
2949,1_10,1
2950,1_10,1
2951,1_10,1
2952,1_10,1
2941,1_11,1
2942,1_11,1
2943,1_11,1
2944,1_11,1
2945,1_11,1
2946,1_11,1
2947,1_11,1
2948,1_11,1
2949,1_11,1
2950,1_11,1
2951,1_11,1
2952,1_11,1
2941,1_12,1
2942,1_12,1
2943,1_12,1
2944,1_12,1
2945,1_12,1
2946,1_12,1
2947,1_12,1
2948,1_12,1
2949,1_12,1
2950,1_12,1
2951,1_12,1
2952,1_12,1
2941,2_0,1
2942,2_0,1
2943,2_0,1
2944,2_0,1
2945,2_0,1
2946,2_0,1
2947,2_0,1
2948,2_0,1
2949,2_0,1
2950,2_0,1
2951,2_0,1
2952,2_0,1
2941,2_1,1
2942,2_1,1
2943,2_1,1
2944,2_1,1
2945,2_1,1
2946,2_1,1
2947,2_1,1
2948,2_1,1
2949,2_1,1
2950,2_1,1
2951,2_1,1
2952,2_1,1
2941,2_2,1
2942,2_2,1
2943,2_2,1
2944,2_2,1
2945,2_2,1
2946,2_2,1
2947,2_2,1
2948,2_2,1
2949,2_2,1
2950,2_2,1
2951,2_2,1
2952,2_2,1
2941,2_3,1
2942,2_3,1
2943,2_3,1
2944,2_3,1
2945,2_3,1
2946,2_3,1
2947,2_3,1
2948,2_3,1
2949,2_3,1
2950,2_3,1
2951,2_3,1
2952,2_3,1
2941,2_4,1
2942,2_4,1
2943,2_4,1
2944,2_4,1
2945,2_4,1
2946,2_4,1
2947,2_4,1
2948,2_4,1
2949,2_4,1
2950,2_4,1
2951,2_4,1
2952,2_4,1
2941,2_5,1
2942,2_5,1
2943,2_5,1
2944,2_5,1
2945,2_5,1
2946,2_5,1
2947,2_5,1
2948,2_5,1
2949,2_5,1
2950,2_5,1
2951,2_5,1
2952,2_5,1
2941,2_6,1
2942,2_6,1
2943,2_6,1
2944,2_6,1
2945,2_6,1
2946,2_6,1
2947,2_6,1
2948,2_6,1
2949,2_6,1
2950,2_6,1
2951,2_6,1
2952,2_6,1
2941,2_7,1
2942,2_7,1
2943,2_7,1
2944,2_7,1
2945,2_7,1
2946,2_7,1
2947,2_7,1
2948,2_7,1
2949,2_7,1
2950,2_7,1
2951,2_7,1
2952,2_7,1
2941,2_8,1
2942,2_8,1
2943,2_8,1
2944,2_8,1
2945,2_8,1
2946,2_8,1
2947,2_8,1
2948,2_8,1
2949,2_8,1
2950,2_8,1
2951,2_8,1
2952,2_8,1
2941,2_9,1
2942,2_9,1
2943,2_9,1
2944,2_9,1
2945,2_9,1
2946,2_9,1
2947,2_9,1
2948,2_9,1
2949,2_9,1
2950,2_9,1
2951,2_9,1
2952,2_9,1
2941,2_10,1
2942,2_10,1
2943,2_10,1
2944,2_10,1
2945,2_10,1
2946,2_10,1
2947,2_10,1
2948,2_10,1
2949,2_10,1
2950,2_10,1
2951,2_10,1
2952,2_10,1
2941,2_11,1
2942,2_11,1
2943,2_11,1
2944,2_11,1
2945,2_11,1
2946,2_11,1
2947,2_11,1
2948,2_11,1
2949,2_11,1
2950,2_11,1
2951,2_11,1
2952,2_11,1
2941,2_12,1
2942,2_12,1
2943,2_12,1
2944,2_12,1
2945,2_12,1
2946,2_12,1
2947,2_12,1
2948,2_12,1
2949,2_12,1
2950,2_12,1
2951,2_12,1
2952,2_12,1
2941,3_0,1
2942,3_0,1
2943,3_0,1
2944,3_0,1
2945,3_0,1
2946,3_0,1
2947,3_0,1
2948,3_0,1
2949,3_0,1
2950,3_0,1
2951,3_0,1
2952,3_0,1
2941,3_1,1
2942,3_1,1
2943,3_1,1
2944,3_1,1
2945,3_1,1
2946,3_1,1
2947,3_1,1
2948,3_1,1
2949,3_1,1
2950,3_1,1
2951,3_1,1
2952,3_1,1
2941,3_2,1
2942,3_2,1
2943,3_2,1
2944,3_2,1
2945,3_2,1
2946,3_2,1
2947,3_2,1
2948,3_2,1
2949,3_2,1
2950,3_2,1
2951,3_2,1
2952,3_2,1
2941,3_3,1
2942,3_3,1
2943,3_3,1
2944,3_3,1
2945,3_3,1
2946,3_3,1
2947,3_3,1
2948,3_3,1
2949,3_3,1
2950,3_3,1
2951,3_3,1
2952,3_3,1
2941,3_4,1
2942,3_4,1
2943,3_4,1
2944,3_4,1
2945,3_4,1
2946,3_4,1
2947,3_4,1
2948,3_4,1
2949,3_4,1
2950,3_4,1
2951,3_4,1
2952,3_4,1
2941,3_5,2
2942,3_5,2
2943,3_5,2
2944,3_5,2
2945,3_5,2
2946,3_5,2
2947,3_5,2
2948,3_5,2
2949,3_5,2
2950,3_5,2
2951,3_5,2
2952,3_5,2
2941,3_6,2
2942,3_6,2
2943,3_6,2
2944,3_6,2
2945,3_6,2
2946,3_6,2
2947,3_6,2
2948,3_6,2
2949,3_6,2
2950,3_6,2
2951,3_6,2
2952,3_6,2
2941,3_7,1
2942,3_7,1
2943,3_7,1
2944,3_7,1
2945,3_7,1
2946,3_7,1
2947,3_7,1
2948,3_7,1
2949,3_7,1
2950,3_7,1
2951,3_7,1
2952,3_7,1
2941,3_8,1
2942,3_8,1
2943,3_8,1
2944,3_8,1
2945,3_8,1
2946,3_8,1
2947,3_8,1
2948,3_8,1
2949,3_8,1
2950,3_8,1
2951,3_8,1
2952,3_8,1
2941,3_9,1
2942,3_9,1
2943,3_9,1
2944,3_9,1
2945,3_9,1
2946,3_9,1
2947,3_9,1
2948,3_9,1
2949,3_9,1
2950,3_9,1
2951,3_9,1
2952,3_9,1
2941,3_10,1
2942,3_10,1
2943,3_10,1
2944,3_10,1
2945,3_10,1
2946,3_10,1
2947,3_10,1
2948,3_10,1
2949,3_10,1
2950,3_10,1
2951,3_10,1
2952,3_10,1
2941,3_11,1
2942,3_11,1
2943,3_11,1
2944,3_11,1
2945,3_11,1
2946,3_11,1
2947,3_11,1
2948,3_11,1
2949,3_11,1
2950,3_11,1
2951,3_11,1
2952,3_11,1
2941,3_12,1
2942,3_12,1
2943,3_12,1
2944,3_12,1
2945,3_12,1
2946,3_12,1
2947,3_12,1
2948,3_12,1
2949,3_12,1
2950,3_12,1
2951,3_12,1
2952,3_12,1
2941,4_0,1
2942,4_0,1
2943,4_0,1
2944,4_0,1
2945,4_0,1
2946,4_0,1
2947,4_0,1
2948,4_0,1
2949,4_0,1
2950,4_0,1
2951,4_0,1
2952,4_0,1
2941,4_1,1
2942,4_1,1
2943,4_1,1
2944,4_1,1
2945,4_1,1
2946,4_1,1
2947,4_1,1
2948,4_1,1
2949,4_1,1
2950,4_1,1
2951,4_1,1
2952,4_1,1
2941,4_2,2
2942,4_2,2
2943,4_2,2
2944,4_2,2
2945,4_2,2
2946,4_2,2
2947,4_2,2
2948,4_2,2
2949,4_2,2
2950,4_2,2
2951,4_2,2
2952,4_2,2
2941,4_3,1
2942,4_3,1
2943,4_3,1
2944,4_3,1
2945,4_3,1
2946,4_3,1
2947,4_3,1
2948,4_3,1
2949,4_3,1
2950,4_3,1
2951,4_3,1
2952,4_3,1
2941,4_4,4
2942,4_4,4
2943,4_4,4
2944,4_4,4
2945,4_4,4
2946,4_4,4
2947,4_4,5
2948,4_4,5
2949,4_4,5
2950,4_4,5
2951,4_4,5
2952,4_4,5
2941,4_5,1
2942,4_5,1
2943,4_5,1
2944,4_5,1
2945,4_5,1
2946,4_5,1
2947,4_5,1
2948,4_5,1
2949,4_5,1
2950,4_5,1
2951,4_5,1
2952,4_5,1
2941,4_6,2
2942,4_6,2
2943,4_6,2
2944,4_6,2
2945,4_6,2
2946,4_6,2
2947,4_6,2
2948,4_6,2
2949,4_6,2
2950,4_6,2
2951,4_6,2
2952,4_6,2
2941,4_7,1
2942,4_7,1
2943,4_7,1
2944,4_7,1
2945,4_7,1
2946,4_7,1
2947,4_7,1
2948,4_7,1
2949,4_7,1
2950,4_7,1
2951,4_7,1
2952,4_7,1
2941,4_8,1
2942,4_8,1
2943,4_8,1
2944,4_8,1
2945,4_8,1
2946,4_8,1
2947,4_8,1
2948,4_8,1
2949,4_8,1
2950,4_8,1
2951,4_8,1
2952,4_8,1
2941,4_9,1
2942,4_9,1
2943,4_9,1
2944,4_9,1
2945,4_9,1
2946,4_9,1
2947,4_9,1
2948,4_9,1
2949,4_9,1
2950,4_9,1
2951,4_9,1
2952,4_9,1
2941,4_10,1
2942,4_10,1
2943,4_10,1
2944,4_10,1
2945,4_10,1
2946,4_10,1
2947,4_10,1
2948,4_10,1
2949,4_10,1
2950,4_10,1
2951,4_10,1
2952,4_10,1
2941,4_11,1
2942,4_11,1
2943,4_11,1
2944,4_11,1
2945,4_11,1
2946,4_11,1
2947,4_11,1
2948,4_11,1
2949,4_11,1
2950,4_11,1
2951,4_11,1
2952,4_11,1
2941,4_12,1
2942,4_12,1
2943,4_12,1
2944,4_12,1
2945,4_12,1
2946,4_12,1
2947,4_12,1
2948,4_12,1
2949,4_12,1
2950,4_12,1
2951,4_12,1
2952,4_12,1
2941,5_0,1
2942,5_0,1
2943,5_0,1
2944,5_0,1
2945,5_0,1
2946,5_0,1
2947,5_0,1
2948,5_0,1
2949,5_0,1
2950,5_0,1
2951,5_0,1
2952,5_0,1
2941,5_1,1
2942,5_1,1
2943,5_1,1
2944,5_1,1
2945,5_1,1
2946,5_1,1
2947,5_1,1
2948,5_1,1
2949,5_1,1
2950,5_1,1
2951,5_1,1
2952,5_1,1
2941,5_2,2
2942,5_2,2
2943,5_2,2
2944,5_2,2
2945,5_2,2
2946,5_2,2
2947,5_2,2
2948,5_2,2
2949,5_2,2
2950,5_2,2
2951,5_2,2
2952,5_2,2
2941,5_3,1
2942,5_3,1
2943,5_3,1
2944,5_3,1
2945,5_3,1
2946,5_3,1
2947,5_3,1
2948,5_3,1
2949,5_3,1
2950,5_3,2
2951,5_3,2
2952,5_3,2
2941,5_4,4
2942,5_4,4
2943,5_4,4
2944,5_4,4
2945,5_4,4
2946,5_4,4
2947,5_4,4
2948,5_4,4
2949,5_4,4
2950,5_4,4
2951,5_4,4
2952,5_4,4
2941,5_5,2
2942,5_5,2
2943,5_5,2
2944,5_5,2
2945,5_5,2
2946,5_5,2
2947,5_5,2
2948,5_5,2
2949,5_5,2
2950,5_5,2
2951,5_5,2
2952,5_5,2
2941,5_6,2
2942,5_6,2
2943,5_6,2
2944,5_6,2
2945,5_6,2
2946,5_6,2
2947,5_6,2
2948,5_6,2
2949,5_6,2
2950,5_6,2
2951,5_6,2
2952,5_6,2
2941,5_7,3
2942,5_7,3
2943,5_7,3
2944,5_7,3
2945,5_7,3
2946,5_7,3
2947,5_7,3
2948,5_7,3
2949,5_7,3
2950,5_7,3
2951,5_7,2
2952,5_7,2
2941,5_8,1
2942,5_8,1
2943,5_8,1
2944,5_8,1
2945,5_8,1
2946,5_8,1
2947,5_8,1
2948,5_8,1
2949,5_8,1
2950,5_8,1
2951,5_8,1
2952,5_8,1
2941,5_9,5
2942,5_9,5
2943,5_9,5
2944,5_9,5
2945,5_9,5
2946,5_9,5
2947,5_9,5
2948,5_9,5
2949,5_9,5
2950,5_9,5
2951,5_9,5
2952,5_9,5
2941,5_10,2
2942,5_10,2
2943,5_10,2
2944,5_10,2
2945,5_10,2
2946,5_10,2
2947,5_10,2
2948,5_10,2
2949,5_10,2
2950,5_10,2
2951,5_10,2
2952,5_10,2
2941,5_11,1
2942,5_11,1
2943,5_11,1
2944,5_11,1
2945,5_11,1
2946,5_11,1
2947,5_11,1
2948,5_11,1
2949,5_11,1
2950,5_11,1
2951,5_11,1
2952,5_11,1
2941,5_12,1
2942,5_12,1
2943,5_12,1
2944,5_12,1
2945,5_12,1
2946,5_12,1
2947,5_12,1
2948,5_12,1
2949,5_12,1
2950,5_12,1
2951,5_12,1
2952,5_12,1
2941,6_0,1
2942,6_0,1
2943,6_0,1
2944,6_0,1
2945,6_0,1
2946,6_0,1
2947,6_0,1
2948,6_0,1
2949,6_0,1
2950,6_0,1
2951,6_0,1
2952,6_0,1
2941,6_1,1
2942,6_1,1
2943,6_1,1
2944,6_1,1
2945,6_1,1
2946,6_1,1
2947,6_1,1
2948,6_1,1
2949,6_1,1
2950,6_1,1
2951,6_1,1
2952,6_1,1
2941,6_2,1
2942,6_2,1
2943,6_2,1
2944,6_2,1
2945,6_2,1
2946,6_2,1
2947,6_2,1
2948,6_2,1
2949,6_2,1
2950,6_2,1
2951,6_2,1
2952,6_2,1
2941,6_3,3
2942,6_3,3
2943,6_3,3
2944,6_3,3
2945,6_3,3
2946,6_3,3
2947,6_3,3
2948,6_3,3
2949,6_3,3
2950,6_3,3
2951,6_3,3
2952,6_3,3
2941,6_4,1
2942,6_4,1
2943,6_4,1
2944,6_4,1
2945,6_4,1
2946,6_4,1
2947,6_4,1
2948,6_4,1
2949,6_4,1
2950,6_4,1
2951,6_4,1
2952,6_4,1
2941,6_5,1
2942,6_5,1
2943,6_5,1
2944,6_5,1
2945,6_5,1
2946,6_5,1
2947,6_5,1
2948,6_5,1
2949,6_5,1
2950,6_5,1
2951,6_5,1
2952,6_5,1
2941,6_6,3
2942,6_6,3
2943,6_6,3
2944,6_6,3
2945,6_6,3
2946,6_6,3
2947,6_6,2
2948,6_6,2
2949,6_6,2
2950,6_6,2
2951,6_6,2
2952,6_6,2
2941,6_7,2
2942,6_7,2
2943,6_7,1
2944,6_7,1
2945,6_7,1
2946,6_7,1
2947,6_7,1
2948,6_7,1
2949,6_7,1
2950,6_7,1
2951,6_7,1
2952,6_7,1
2941,6_8,1
2942,6_8,1
2943,6_8,1
2944,6_8,1
2945,6_8,1
2946,6_8,1
2947,6_8,1
2948,6_8,1
2949,6_8,1
2950,6_8,1
2951,6_8,1
2952,6_8,1
2941,6_9,2
2942,6_9,2
2943,6_9,2
2944,6_9,2
2945,6_9,2
2946,6_9,2
2947,6_9,2
2948,6_9,2
2949,6_9,2
2950,6_9,2
2951,6_9,2
2952,6_9,2
2941,6_10,1
2942,6_10,1
2943,6_10,1
2944,6_10,1
2945,6_10,1
2946,6_10,1
2947,6_10,1
2948,6_10,1
2949,6_10,1
2950,6_10,1
2951,6_10,1
2952,6_10,1
2941,6_11,1
2942,6_11,1
2943,6_11,1
2944,6_11,1
2945,6_11,1
2946,6_11,1
2947,6_11,1
2948,6_11,1
2949,6_11,1
2950,6_11,1
2951,6_11,1
2952,6_11,1
2941,6_12,1
2942,6_12,1
2943,6_12,1
2944,6_12,1
2945,6_12,1
2946,6_12,1
2947,6_12,1
2948,6_12,1
2949,6_12,1
2950,6_12,1
2951,6_12,1
2952,6_12,1
2941,7_0,1
2942,7_0,1
2943,7_0,1
2944,7_0,1
2945,7_0,1
2946,7_0,1
2947,7_0,1
2948,7_0,1
2949,7_0,1
2950,7_0,1
2951,7_0,1
2952,7_0,1
2941,7_1,1
2942,7_1,1
2943,7_1,1
2944,7_1,1
2945,7_1,1
2946,7_1,1
2947,7_1,1
2948,7_1,1
2949,7_1,1
2950,7_1,1
2951,7_1,1
2952,7_1,1
2941,7_2,2
2942,7_2,2
2943,7_2,2
2944,7_2,2
2945,7_2,2
2946,7_2,2
2947,7_2,2
2948,7_2,2
2949,7_2,2
2950,7_2,2
2951,7_2,2
2952,7_2,2
2941,7_3,5
2942,7_3,5
2943,7_3,5
2944,7_3,5
2945,7_3,5
2946,7_3,5
2947,7_3,5
2948,7_3,5
2949,7_3,5
2950,7_3,5
2951,7_3,5
2952,7_3,5
2941,7_4,1
2942,7_4,1
2943,7_4,1
2944,7_4,1
2945,7_4,1
2946,7_4,1
2947,7_4,1
2948,7_4,1
2949,7_4,1
2950,7_4,1
2951,7_4,1
2952,7_4,1
2941,7_5,1
2942,7_5,1
2943,7_5,1
2944,7_5,1
2945,7_5,1
2946,7_5,1
2947,7_5,1
2948,7_5,1
2949,7_5,1
2950,7_5,1
2951,7_5,1
2952,7_5,1
2941,7_6,2
2942,7_6,2
2943,7_6,2
2944,7_6,2
2945,7_6,2
2946,7_6,2
2947,7_6,2
2948,7_6,2
2949,7_6,2
2950,7_6,2
2951,7_6,2
2952,7_6,2
2941,7_7,2
2942,7_7,2
2943,7_7,2
2944,7_7,2
2945,7_7,2
2946,7_7,2
2947,7_7,2
2948,7_7,2
2949,7_7,2
2950,7_7,2
2951,7_7,2
2952,7_7,2
2941,7_8,1
2942,7_8,1
2943,7_8,1
2944,7_8,1
2945,7_8,1
2946,7_8,1
2947,7_8,1
2948,7_8,1
2949,7_8,1
2950,7_8,1
2951,7_8,1
2952,7_8,1
2941,7_9,3
2942,7_9,2
2943,7_9,2
2944,7_9,2
2945,7_9,2
2946,7_9,2
2947,7_9,2
2948,7_9,2
2949,7_9,2
2950,7_9,2
2951,7_9,2
2952,7_9,2
2941,7_10,1
2942,7_10,1
2943,7_10,1
2944,7_10,1
2945,7_10,1
2946,7_10,1
2947,7_10,1
2948,7_10,1
2949,7_10,1
2950,7_10,1
2951,7_10,1
2952,7_10,1
2941,7_11,1
2942,7_11,1
2943,7_11,1
2944,7_11,1
2945,7_11,1
2946,7_11,1
2947,7_11,1
2948,7_11,1
2949,7_11,1
2950,7_11,1
2951,7_11,1
2952,7_11,1
2941,7_12,1
2942,7_12,1
2943,7_12,1
2944,7_12,1
2945,7_12,1
2946,7_12,1
2947,7_12,1
2948,7_12,1
2949,7_12,1
2950,7_12,1
2951,7_12,1
2952,7_12,1
2941,8_0,1
2942,8_0,1
2943,8_0,1
2944,8_0,1
2945,8_0,1
2946,8_0,1
2947,8_0,1
2948,8_0,1
2949,8_0,1
2950,8_0,1
2951,8_0,1
2952,8_0,1
2941,8_1,1
2942,8_1,1
2943,8_1,1
2944,8_1,1
2945,8_1,1
2946,8_1,1
2947,8_1,1
2948,8_1,1
2949,8_1,1
2950,8_1,1
2951,8_1,1
2952,8_1,1
2941,8_2,1
2942,8_2,1
2943,8_2,1
2944,8_2,1
2945,8_2,1
2946,8_2,1
2947,8_2,1
2948,8_2,1
2949,8_2,1
2950,8_2,1
2951,8_2,1
2952,8_2,1
2941,8_3,2
2942,8_3,2
2943,8_3,2
2944,8_3,2
2945,8_3,2
2946,8_3,2
2947,8_3,2
2948,8_3,2
2949,8_3,2
2950,8_3,2
2951,8_3,2
2952,8_3,2
2941,8_4,1
2942,8_4,1
2943,8_4,1
2944,8_4,1
2945,8_4,1
2946,8_4,1
2947,8_4,1
2948,8_4,1
2949,8_4,1
2950,8_4,1
2951,8_4,1
2952,8_4,1
2941,8_5,1
2942,8_5,1
2943,8_5,1
2944,8_5,1
2945,8_5,1
2946,8_5,1
2947,8_5,1
2948,8_5,1
2949,8_5,1
2950,8_5,1
2951,8_5,1
2952,8_5,1
2941,8_6,2
2942,8_6,2
2943,8_6,2
2944,8_6,2
2945,8_6,2
2946,8_6,2
2947,8_6,2
2948,8_6,2
2949,8_6,2
2950,8_6,2
2951,8_6,2
2952,8_6,2
2941,8_7,5
2942,8_7,5
2943,8_7,5
2944,8_7,5
2945,8_7,5
2946,8_7,5
2947,8_7,5
2948,8_7,5
2949,8_7,5
2950,8_7,5
2951,8_7,5
2952,8_7,5
2941,8_8,5
2942,8_8,5
2943,8_8,5
2944,8_8,5
2945,8_8,5
2946,8_8,5
2947,8_8,5
2948,8_8,5
2949,8_8,5
2950,8_8,5
2951,8_8,5
2952,8_8,5
2941,8_9,1
2942,8_9,1
2943,8_9,1
2944,8_9,1
2945,8_9,1
2946,8_9,1
2947,8_9,1
2948,8_9,1
2949,8_9,1
2950,8_9,1
2951,8_9,1
2952,8_9,1
2941,8_10,1
2942,8_10,1
2943,8_10,1
2944,8_10,1
2945,8_10,1
2946,8_10,1
2947,8_10,1
2948,8_10,1
2949,8_10,1
2950,8_10,1
2951,8_10,1
2952,8_10,1
2941,8_11,1
2942,8_11,1
2943,8_11,1
2944,8_11,1
2945,8_11,1
2946,8_11,1
2947,8_11,1
2948,8_11,1
2949,8_11,1
2950,8_11,1
2951,8_11,1
2952,8_11,1
2941,9_0,1
2942,9_0,1
2943,9_0,1
2944,9_0,1
2945,9_0,1
2946,9_0,1
2947,9_0,1
2948,9_0,1
2949,9_0,1
2950,9_0,1
2951,9_0,1
2952,9_0,1
2941,9_1,1
2942,9_1,1
2943,9_1,1
2944,9_1,1
2945,9_1,1
2946,9_1,1
2947,9_1,1
2948,9_1,1
2949,9_1,1
2950,9_1,1
2951,9_1,1
2952,9_1,1
2941,9_2,1
2942,9_2,1
2943,9_2,1
2944,9_2,1
2945,9_2,1
2946,9_2,1
2947,9_2,1
2948,9_2,1
2949,9_2,1
2950,9_2,1
2951,9_2,1
2952,9_2,1
2941,9_3,1
2942,9_3,1
2943,9_3,1
2944,9_3,1
2945,9_3,1
2946,9_3,1
2947,9_3,1
2948,9_3,1
2949,9_3,1
2950,9_3,1
2951,9_3,1
2952,9_3,1
2941,9_4,1
2942,9_4,1
2943,9_4,1
2944,9_4,1
2945,9_4,1
2946,9_4,1
2947,9_4,1
2948,9_4,1
2949,9_4,1
2950,9_4,1
2951,9_4,1
2952,9_4,1
2941,9_5,1
2942,9_5,1
2943,9_5,1
2944,9_5,1
2945,9_5,1
2946,9_5,1
2947,9_5,1
2948,9_5,1
2949,9_5,1
2950,9_5,1
2951,9_5,1
2952,9_5,1
2941,9_6,1
2942,9_6,1
2943,9_6,1
2944,9_6,1
2945,9_6,1
2946,9_6,1
2947,9_6,1
2948,9_6,1
2949,9_6,1
2950,9_6,1
2951,9_6,1
2952,9_6,1
2941,9_7,1
2942,9_7,1
2943,9_7,1
2944,9_7,1
2945,9_7,1
2946,9_7,1
2947,9_7,1
2948,9_7,1
2949,9_7,1
2950,9_7,1
2951,9_7,1
2952,9_7,1
2941,9_8,1
2942,9_8,1
2943,9_8,1
2944,9_8,1
2945,9_8,1
2946,9_8,1
2947,9_8,1
2948,9_8,1
2949,9_8,1
2950,9_8,1
2951,9_8,1
2952,9_8,1
2941,9_9,1
2942,9_9,1
2943,9_9,1
2944,9_9,1
2945,9_9,1
2946,9_9,1
2947,9_9,1
2948,9_9,1
2949,9_9,1
2950,9_9,1
2951,9_9,1
2952,9_9,1
2941,10_0,1
2942,10_0,1
2943,10_0,1
2944,10_0,1
2945,10_0,1
2946,10_0,1
2947,10_0,1
2948,10_0,1
2949,10_0,1
2950,10_0,1
2951,10_0,1
2952,10_0,1
2941,10_1,1
2942,10_1,1
2943,10_1,1
2944,10_1,1
2945,10_1,1
2946,10_1,1
2947,10_1,1
2948,10_1,1
2949,10_1,1
2950,10_1,1
2951,10_1,1
2952,10_1,1
2941,10_2,1
2942,10_2,1
2943,10_2,1
2944,10_2,1
2945,10_2,1
2946,10_2,1
2947,10_2,1
2948,10_2,1
2949,10_2,1
2950,10_2,1
2951,10_2,1
2952,10_2,1
2941,10_3,1
2942,10_3,1
2943,10_3,1
2944,10_3,1
2945,10_3,1
2946,10_3,1
2947,10_3,1
2948,10_3,1
2949,10_3,1
2950,10_3,1
2951,10_3,1
2952,10_3,1
2941,10_4,1
2942,10_4,1
2943,10_4,1
2944,10_4,1
2945,10_4,1
2946,10_4,1
2947,10_4,1
2948,10_4,1
2949,10_4,1
2950,10_4,1
2951,10_4,1
2952,10_4,1
2941,10_5,1
2942,10_5,1
2943,10_5,1
2944,10_5,1
2945,10_5,1
2946,10_5,1
2947,10_5,1
2948,10_5,1
2949,10_5,1
2950,10_5,1
2951,10_5,1
2952,10_5,1
2941,10_6,1
2942,10_6,1
2943,10_6,1
2944,10_6,1
2945,10_6,1
2946,10_6,1
2947,10_6,1
2948,10_6,1
2949,10_6,1
2950,10_6,1
2951,10_6,1
2952,10_6,1
2941,10_7,1
2942,10_7,1
2943,10_7,1
2944,10_7,1
2945,10_7,1
2946,10_7,1
2947,10_7,1
2948,10_7,1
2949,10_7,1
2950,10_7,1
2951,10_7,1
2952,10_7,1
2941,11_0,1
2942,11_0,1
2943,11_0,1
2944,11_0,1
2945,11_0,1
2946,11_0,1
2947,11_0,1
2948,11_0,1
2949,11_0,1
2950,11_0,1
2951,11_0,1
2952,11_0,1
2941,11_1,1
2942,11_1,1
2943,11_1,1
2944,11_1,1
2945,11_1,1
2946,11_1,1
2947,11_1,1
2948,11_1,1
2949,11_1,1
2950,11_1,1
2951,11_1,1
2952,11_1,1
2941,11_2,1
2942,11_2,1
2943,11_2,1
2944,11_2,1
2945,11_2,1
2946,11_2,1
2947,11_2,1
2948,11_2,1
2949,11_2,1
2950,11_2,1
2951,11_2,1
2952,11_2,1
2941,11_3,1
2942,11_3,1
2943,11_3,1
2944,11_3,1
2945,11_3,1
2946,11_3,1
2947,11_3,1
2948,11_3,1
2949,11_3,1
2950,11_3,1
2951,11_3,1
2952,11_3,1
2941,11_4,1
2942,11_4,1
2943,11_4,1
2944,11_4,1
2945,11_4,1
2946,11_4,1
2947,11_4,1
2948,11_4,1
2949,11_4,1
2950,11_4,1
2951,11_4,1
2952,11_4,1
2941,11_5,1
2942,11_5,1
2943,11_5,1
2944,11_5,1
2945,11_5,1
2946,11_5,1
2947,11_5,1
2948,11_5,1
2949,11_5,1
2950,11_5,1
2951,11_5,1
2952,11_5,1
2941,12_0,1
2942,12_0,1
2943,12_0,1
2944,12_0,1
2945,12_0,1
2946,12_0,1
2947,12_0,1
2948,12_0,1
2949,12_0,1
2950,12_0,1
2951,12_0,1
2952,12_0,1
2941,12_1,1
2942,12_1,1
2943,12_1,1
2944,12_1,1
2945,12_1,1
2946,12_1,1
2947,12_1,1
2948,12_1,1
2949,12_1,1
2950,12_1,1
2951,12_1,1
2952,12_1,1
2941,12_2,1
2942,12_2,1
2943,12_2,1
2944,12_2,1
2945,12_2,1
2946,12_2,1
2947,12_2,1
2948,12_2,1
2949,12_2,1
2950,12_2,1
2951,12_2,1
2952,12_2,1
2941,12_3,1
2942,12_3,1
2943,12_3,1
2944,12_3,1
2945,12_3,1
2946,12_3,1
2947,12_3,1
2948,12_3,1
2949,12_3,1
2950,12_3,1
2951,12_3,1
2952,12_3,1
2941,13_0,1
2942,13_0,1
2943,13_0,1
2944,13_0,1
2945,13_0,1
2946,13_0,1
2947,13_0,1
2948,13_0,1
2949,13_0,1
2950,13_0,1
2951,13_0,1
2952,13_0,1
2941,13_1,1
2942,13_1,1
2943,13_1,1
2944,13_1,1
2945,13_1,1
2946,13_1,1
2947,13_1,1
2948,13_1,1
2949,13_1,1
2950,13_1,1
2951,13_1,1
2952,13_1,1
