time,vehicle_id,x,y,speed,angle,power
968,LKW167,1617.44,2960.21,13.89,-218.46,7.15
968,LKW188,2513.14,2647.38,13.89,-204.46,11.28
968,LKW198,3087.21,708.94,13.89,-14.88,8.15
968,LKW210,1899.41,1367.32,0.0,57.33,7.21
968,LKW211,3288.21,1968.26,13.89,-3.65,9.18
968,LKW212,2097.76,1003.57,13.89,-10.57,10.98
968,LKW216,1944.46,1924.38,0.0,46.39,11.0
968,LKW220,2456.44,894.73,7.8,-20.12,7.16
968,LKW222,1287.64,1367.55,1.3,-232.58,9.77
968,LKW223,2841.28,2195.86,13.0,68.73,7.51
968,LKW225,2836.38,2173.71,10.4,70.03,11.45
968,LKW227,2078.86,2693.6,0.0,-183.66,11.89
968,LKW228,1984.12,2428.84,13.86,-216.69,8.36
968,LKW230,1858.09,1812.66,9.1,36.89,8.77
968,LKW231,1965.64,2442.23,13.89,-215.42,8.68
968,LKW235,1822.45,2797.36,13.89,-218.46,11.17
968,LKW236,2151.31,1016.91,13.68,-195.56,9.99
968,LKW237,2173.48,1010.74,13.53,-195.56,11.38
968,LKW239,2048.16,1013.35,11.7,-3.71,11.2
968,LKW241,2280.25,976.33,8.06,-198.14,11.65
968,LKW242,1904.88,470.01,5.33,-42.98,7.34
968,LKW243,2056.44,1721.03,0.0,-20.92,9.56
968,LKW244,1138.99,1845.96,0.0,-260.58,11.35
968,LKW245,1796.65,1816.76,0.0,-45.69,9.98
968,LKW246,1906.19,2506.01,13.0,71.03,8.18
968,LKW247,1933.13,2699.3,1.3,-34.52,11.64
968,LKW248,2899.92,2253.72,0.0,-248.35,9.11
968,LKW249,2268.05,980.33,12.58,-198.14,9.6
968,LKW250,2443.75,926.74,8.49,-198.67,11.2
968,LKW251,2906.61,2231.95,0.0,-242.6,7.72
968,LKW252,2426.82,932.2,8.18,-197.83,10.47
968,LKW253,1394.61,1086.9,13.89,2.23,10.25
968,LKW254,2911.07,2223.35,0.0,-242.6,7.76
968,LKW255,2495.56,2624.04,13.89,-32.57,11.37
968,LKW256,2775.93,1985.64,0.0,78.16,11.85
968,LKW257,2763.93,2070.9,0.0,-113.15,9.91
968,LKW258,2394.24,939.7,13.74,-197.55,11.65
968,LKW259,1103.14,1075.56,13.89,2.23,11.47
968,LKW260,2481.31,635.78,12.15,-119.19,9.66
968,LKW261,2901.54,2329.51,0.0,-137.06,10.97
968,LKW262,2889.22,761.53,13.89,-14.88,8.24
968,LKW263,2518.31,900.78,13.89,-201.69,8.02
968,LKW264,1154.55,1603.02,13.89,-79.61,9.09
968,LKW265,1650.54,2917.56,13.89,-38.46,8.24
968,LKW266,756.15,1062.07,13.89,2.23,8.22
968,LKW267,1101.18,1799.41,0.0,4.34,11.63
968,LKW268,2349.66,2801.96,13.89,-56.79,10.68
968,LKW269,2320.64,2192.86,1.3,-155.74,9.64
968,LKW270,2767.8,1946.88,0.0,78.16,9.74
968,LKW271,2619.35,950.44,1.3,-46.31,9.74
968,LKW272,1237.9,1440.45,5.2,-234.51,9.52
968,LKW273,2984.59,771.11,13.89,-194.77,10.61
968,LKW274,3038.32,756.95,13.89,-194.77,8.75
968,LKW275,2834.01,1134.84,13.89,-138.51,11.28
968,PKW2228,1142.1,1846.8,0.0,-260.58,3.88
968,PKW2304,1264.8,1397.6,0.0,-234.01,3.7
968,PKW3191,1541.39,3020.62,13.89,-218.46,5.59
968,PKW3221,1235.82,1431.97,2.6,-196.75,6.11
968,PKW3252,3958.56,1925.45,13.89,-3.65,5.02
968,PKW3253,1558.14,3007.31,13.89,-218.46,5.58
968,PKW3257,1733.81,2871.86,13.89,-218.46,5.3
968,PKW3272,1269.26,1391.57,0.0,-232.58,6.96
968,PKW3293,1282.94,1373.69,0.0,-232.58,5.72
968,PKW3301,1254.5,1411.88,2.6,-234.19,5.58
968,PKW3330,1129.25,1086.18,13.89,-177.77,4.02
968,PKW3336,1143.35,1839.27,0.0,-260.58,6.11
968,PKW3351,1700.32,2898.46,13.89,-218.46,4.46
968,PKW3389,1867.5,492.23,5.93,-26.23,3.64
968,PKW3398,1559.37,3010.43,13.89,-218.46,6.81
968,PKW3437,1635.84,2945.59,13.89,-218.46,4.89
968,PKW3449,1294.31,1358.96,0.0,-227.37,6.0
968,PKW3470,1599.83,2978.28,13.89,-218.46,3.79
968,PKW3473,1136.95,1882.56,12.3,-168.79,6.35
968,PKW3477,1717.06,2885.16,13.89,-218.46,4.04
968,PKW3515,1243.74,1426.79,0.0,-234.15,5.78
968,PKW3582,1299.42,1353.39,0.0,-227.72,5.12
968,PKW3583,1260.41,1403.69,0.0,-234.19,5.9
968,PKW3592,1583.09,2991.59,13.89,-218.46,6.9
968,PKW3633,1150.49,1090.21,13.89,-177.77,6.16
968,PKW3636,1304.52,1347.78,0.0,-226.66,4.64
968,PKW3644,1907.32,2499.44,13.89,68.45,6.69
968,PKW3657,1074.04,2087.15,13.89,-255.61,6.77
968,PKW3687,2484.42,2659.3,11.69,-202.54,5.4
968,PKW3696,2650.6,2535.42,13.89,-218.66,4.23
968,PKW3704,1996.78,2703.23,5.2,-181.59,4.8
968,PKW3706,1521.22,1201.8,12.85,85.42,6.5
968,PKW3723,2821.47,2595.72,13.89,-268.75,3.5
968,PKW3724,1800.8,2818.64,13.89,-218.46,5.88
968,PKW3735,1968.45,1780.59,0.0,-28.26,4.66
968,PKW3738,1248.14,1420.7,3.37,-234.19,4.49
968,PKW3748,3854.98,1932.06,13.89,-3.65,4.63
968,PKW3752,2420.57,1940.11,10.4,29.9,5.77
968,PKW3756,2642.36,2537.91,13.89,-218.66,6.4
968,PKW3761,1107.75,1088.55,13.89,-177.77,6.18
968,PKW3764,1098.07,1980.61,13.89,-255.61,5.8
968,PKW3770,3325.09,1965.9,13.89,-3.65,3.92
968,PKW3775,2683.99,2508.71,13.89,-218.66,4.43
968,PKW3777,2675.8,2511.17,13.89,-218.66,4.42
968,PKW3781,3303.94,1970.46,13.89,-3.65,6.2
968,PKW3785,2822.41,2552.94,13.89,-268.75,5.24
968,PKW3791,2399.26,2210.36,13.89,24.14,3.83
968,PKW3800,1927.52,1906.59,2.46,46.39,5.41
968,PKW3817,2822.88,2531.56,13.89,-268.75,4.34
968,PKW3825,2822.41,2315.29,0.0,-54.81,6.17
968,PKW3831,1840.85,2782.74,13.89,-218.46,3.73
968,PKW3835,2025.56,1018.02,13.89,-3.7,6.31
968,PKW3851,2692.51,2497.79,13.89,-218.66,3.81
968,PKW3858,1846.44,1025.42,13.89,-3.29,4.72
968,PKW3861,1474.48,1132.25,0.0,-132.22,4.44
968,PKW3862,2709.23,2484.42,13.89,-218.66,6.42
968,PKW3864,2009.35,2702.47,2.6,-185.58,3.83
968,PKW3874,1900.12,1394.39,0.0,-119.57,6.01
968,PKW3876,2601.98,856.19,0.0,-7.68,4.41
968,PKW3878,1140.86,1854.33,0.0,-260.64,5.7
968,PKW3886,2733.99,2468.4,13.89,-222.43,4.37
968,PKW3890,2749.77,2453.97,13.89,-222.43,5.34
968,PKW3892,1106.17,1961.94,13.89,-255.61,5.93
968,PKW3893,2725.95,2471.05,13.89,-219.3,4.52
968,PKW3913,1273.82,1385.61,0.0,-232.58,3.52
968,PKW3914,2026.84,2700.76,0.0,-185.58,4.77
968,PKW3918,1131.58,1851.54,0.0,-260.56,5.64
968,PKW3919,2741.83,2456.9,13.89,-222.43,6.65
968,PKW3921,2824.28,2467.4,13.89,-268.75,4.35
968,PKW3923,2757.62,2442.47,13.89,-222.43,4.56
968,PKW3927,1113.2,1921.65,13.89,-255.61,6.33
968,PKW3933,2019.09,2698.3,0.0,-185.58,5.67
968,PKW3935,3218.35,1972.72,13.89,-3.65,5.77
968,PKW3936,1265.5,1568.88,13.89,13.3,6.71
968,PKW3940,3087.79,1981.06,13.89,-3.65,4.52
968,PKW3942,1996.29,2700.08,5.2,-181.85,4.42
968,PKW3944,2019.39,2701.49,0.0,-185.58,4.98
968,PKW3950,2781.35,2425.11,13.89,-222.43,3.79
968,PKW3955,2773.41,2428.03,13.89,-222.43,5.83
968,PKW3964,1103.18,1859.43,13.89,-103.47,6.12
968,PKW3975,1135.9,1845.11,0.0,-260.58,4.87
968,PKW3977,2142.75,1742.12,7.8,-94.18,5.64
968,PKW3982,1915.07,458.26,7.33,-48.3,5.76
968,PKW3986,2797.14,2410.67,13.89,-220.82,6.64
968,PKW3988,2346.54,1901.44,13.89,33.06,4.59
968,PKW3991,2591.06,794.44,9.16,54.59,5.4
968,PKW3996,2034.01,2696.85,0.0,-185.58,5.79
968,PKW3998,2026.55,2697.58,0.0,-185.58,4.73
968,PKW3999,2009.04,2699.29,2.6,-185.58,5.91
968,PKW4003,2559.98,796.78,0.0,-26.53,3.86
968,PKW4008,2383.57,1923.61,13.89,28.42,7.0
968,PKW4023,2372.94,2198.56,13.89,24.14,4.98
968,PKW4024,2789.2,2413.6,13.89,-222.43,6.56
968,PKW4026,1524.54,1180.97,13.89,-215.67,4.77
968,PKW4030,3261.44,1976.38,13.89,-3.65,5.51
968,PKW4032,1949.04,1930.27,0.0,55.0,5.86
968,PKW4035,1544.88,1170.98,13.89,-210.95,5.66
968,PKW4038,1950.97,1937.36,0.0,82.51,4.6
968,PKW4039,1562.57,1156.82,13.89,-208.56,6.16
968,PKW4042,1313.22,1338.8,2.6,-225.38,4.11
968,PKW4045,2456.3,1961.74,13.89,22.81,4.63
968,PKW4046,1862.18,1836.85,10.4,-125.0,3.56
968,PKW4047,2447.36,901.47,5.97,-20.1,5.05
968,PKW4059,2142.29,1724.25,10.4,-87.78,4.4
968,PKW4061,1122.16,1899.62,9.46,-255.61,5.83
968,PKW4069,2075.58,1714.07,0.0,-22.28,3.98
968,PKW4070,2832.73,2375.65,5.28,-235.96,5.96
968,PKW4076,1898.47,2480.32,13.89,77.22,3.9
968,PKW4079,1491.21,1086.73,0.0,-248.36,6.28
968,PKW4083,1530.39,1108.68,13.89,-173.7,4.03
968,PKW4085,2500.49,2616.54,13.89,-37.9,5.91
968,PKW4089,1524.64,3033.93,13.89,-218.46,5.65
968,PKW4093,1525.87,3037.04,13.89,-218.46,4.13
968,PKW4102,2175.01,985.71,13.89,-15.12,3.52
968,PKW4103,2437.8,1950.53,13.0,25.13,6.91
968,PKW4107,1537.43,1247.25,13.89,-140.35,4.64
968,PKW4108,1278.38,1379.65,0.0,-232.58,5.22
968,PKW4110,1492.22,3063.77,13.89,-218.46,3.59
968,PKW4111,2805.33,2339.94,0.0,-56.37,3.55
968,PKW4117,738.87,1074.2,13.89,-177.77,5.62
968,PKW4119,1992.85,1895.93,0.0,-233.92,6.71
968,PKW4121,2077.84,1716.6,0.0,-22.31,6.7
968,PKW4122,1903.13,1373.82,0.0,60.21,4.63
968,PKW4124,3325.29,1969.1,13.89,-3.65,5.23
968,PKW4129,2601.9,804.89,0.0,57.06,5.59
968,PKW4133,2047.43,1724.47,0.0,-22.56,4.01
968,PKW4137,2843.2,2302.06,0.0,-56.63,4.65
968,PKW4138,2176.82,991.85,13.89,-15.17,5.54
968,PKW4144,1063.4,2128.59,13.89,-255.61,5.86
968,PKW4146,1885.24,2029.08,13.89,-67.04,4.57
968,PKW4151,2481.09,882.11,12.96,-21.05,6.26
968,PKW4152,1937.85,1917.44,0.0,46.39,5.96
968,PKW4154,1542.62,3023.73,13.89,-218.46,4.71
968,PKW4160,1893.89,1359.25,0.0,50.66,6.64
968,PKW4163,1802.42,1835.81,13.89,-191.03,5.42
968,PKW4164,2154.35,991.01,13.89,-14.19,6.25
968,PKW4169,2839.05,2308.35,0.0,-54.81,6.56
968,PKW4172,2155.2,994.09,13.89,-14.19,5.22
968,PKW4173,1669.34,2918.98,13.89,-218.46,5.39
968,PKW4174,2861.09,2262.82,0.0,64.79,6.28
968,PKW4175,2034.29,2700.03,0.0,-185.58,4.6
968,PKW4178,2457.49,1958.77,13.89,22.8,4.14
968,PKW4179,2156.06,997.18,13.89,-14.18,5.32
968,PKW4181,2861.5,2254.76,4.95,78.43,5.02
968,PKW4182,2462.56,1967.87,13.89,22.94,5.17
968,PKW4185,1633.33,2951.68,13.89,-218.46,6.3
968,PKW4189,1902.9,1392.81,0.0,-119.59,5.47
968,PKW4190,1246.49,1428.44,3.9,-234.12,6.15
968,PKW4193,1650.08,2938.37,13.89,-218.46,6.97
968,PKW4197,2049.2,2698.71,0.0,-183.66,5.68
968,PKW4198,1780.32,1840.12,13.89,-191.03,6.51
968,PKW4199,2041.74,2699.31,0.0,-185.07,5.03
968,PKW4200,1686.09,2905.67,13.89,-218.46,5.22
968,PKW4204,1491.13,3060.54,13.89,-218.46,4.04
968,PKW4205,1509.12,3050.34,13.89,-218.46,4.67
968,PKW4206,2819.07,2331.13,0.0,-55.18,6.83
968,PKW4209,2553.27,800.13,0.2,-26.53,3.72
968,PKW4210,1535.08,1137.36,13.89,-36.52,4.46
968,PKW4213,2041.47,2696.12,0.0,-185.07,5.46
968,PKW4214,2834.71,2314.5,0.0,-54.81,4.04
968,PKW4215,2801.15,2346.21,0.0,-56.96,6.59
968,PKW4217,1137.76,1853.41,0.0,-260.64,6.49
968,PKW4220,1705.06,1866.03,13.89,-198.41,4.03
968,PKW4224,2071.61,2697.27,0.0,-183.66,3.65
968,PKW4226,2858.45,2255.84,3.69,78.43,4.17
968,PKW4227,1750.56,2858.55,13.89,-218.46,3.71
968,PKW4230,1507.89,3047.23,13.89,-218.46,3.8
968,PKW4236,1146.76,1793.97,2.95,89.14,5.36
968,PKW4237,1834.3,2792.03,13.89,-218.46,5.83
968,PKW4239,2063.21,1717.89,0.0,-26.88,3.78
968,PKW4245,1900.35,1375.41,0.0,60.21,6.23
968,PKW4248,2859.0,2242.56,9.45,78.43,6.48
968,PKW4251,2365.05,1913.06,13.89,31.37,4.63
968,PKW4252,3239.9,1974.55,13.89,-3.65,3.99
968,PKW4254,2135.27,1002.43,13.89,-14.18,5.33
968,PKW4259,1786.6,2825.83,13.89,-218.46,4.01
968,PKW4260,2028.18,1585.42,13.89,-124.49,6.09
968,PKW4261,1702.84,2892.37,13.89,-218.46,6.4
968,PKW4262,2836.07,2378.53,12.76,-248.14,5.4
968,PKW4265,2175.92,988.77,13.89,-15.15,4.07
968,PKW4266,1055.07,2148.2,13.89,-255.61,5.93
968,PKW4269,1149.16,1801.48,0.0,74.65,4.29
968,PKW4271,2133.65,996.24,13.89,-14.19,6.92
968,PKW4275,2831.27,2372.14,2.99,-240.01,4.93
968,PKW4277,1637.86,1434.57,13.89,-117.58,3.94
968,PKW4281,2610.14,823.62,0.0,57.28,6.68
968,PKW4286,1860.93,2162.45,0.43,-88.35,4.23
968,PKW4289,1066.54,2103.52,13.89,-255.61,4.41
968,PKW4291,2773.96,2385.62,0.0,-47.23,6.32
968,PKW4293,2085.47,1009.12,13.89,-7.38,5.12
968,PKW4295,1803.35,2812.53,13.89,-218.46,4.8
968,PKW4297,1919.29,1416.75,13.79,-117.78,3.64
968,PKW4298,1920.64,2474.23,10.77,-215.42,5.61
968,PKW4299,1156.7,1087.25,13.89,-177.77,4.66
968,PKW4304,1817.55,2805.34,13.89,-218.46,5.89
968,PKW4307,1510.45,1188.25,13.89,-221.09,5.95
968,PKW4308,2814.8,2337.29,0.0,-56.2,5.52
968,PKW4310,1997.26,1889.87,0.0,-221.51,4.24
968,PKW4312,1134.0,1837.0,0.0,-260.58,5.47
968,PKW4316,1616.58,2964.98,13.89,-218.46,5.34
968,PKW4318,1652.59,2932.29,13.89,-218.46,6.19
968,PKW4322,1676.43,1875.56,0.0,-198.41,6.56
968,PKW4323,2080.1,1719.13,0.0,-22.28,6.01
968,PKW4325,2499.77,877.49,13.89,-39.81,4.01
968,PKW4329,1964.89,1931.24,0.0,-235.95,6.84
968,PKW4330,2041.42,1604.7,13.89,-124.49,5.15
968,PKW4333,1328.9,1323.0,9.07,-221.58,4.34
968,PKW4336,2856.2,2244.88,8.19,78.43,5.41
968,PKW4337,2064.14,2697.75,0.0,-183.66,6.16
968,PKW4338,2113.57,1003.88,13.89,-10.58,6.15
968,PKW4340,2531.53,861.82,13.89,-17.89,5.34
968,PKW4341,2606.07,817.29,0.0,57.28,4.52
968,PKW4346,1767.31,2845.25,13.89,-218.46,6.26
968,PKW4348,2812.16,2335.49,0.0,-56.19,4.76
968,PKW4350,1084.67,2045.72,13.89,-255.61,5.65
968,PKW4355,1988.55,1902.08,0.0,-235.62,5.83
968,PKW4358,1107.88,1085.35,13.89,-177.77,5.38
968,PKW4362,2855.6,2225.95,13.89,76.72,3.51
968,PKW4363,1470.85,1125.55,0.0,-111.63,4.01
968,PKW4364,2086.55,2696.31,0.0,-183.66,3.91
968,PKW4367,1291.44,1367.85,13.07,-232.58,4.7
968,PKW4368,2836.16,2362.89,0.39,-244.07,6.37
968,PKW4369,1719.6,2879.06,13.89,-218.46,4.49
968,PKW4370,1666.82,2925.07,13.89,-218.46,4.87
968,PKW4371,1736.35,2865.75,13.89,-218.46,6.2
968,PKW4372,1896.63,1368.91,0.0,60.08,5.11
968,PKW4374,1889.16,1353.47,0.0,50.66,4.68
968,PKW4378,1137.12,1837.76,0.0,-260.58,5.09
968,PKW4379,1129.12,1089.38,13.89,-177.77,6.48
968,PKW4383,1892.68,1362.82,0.0,50.64,6.1
968,PKW4385,2810.08,2350.13,13.88,-56.27,6.63
968,PKW4391,1884.42,1347.7,0.0,50.66,6.0
968,PKW4392,2760.93,2063.89,0.0,-113.15,6.95
968,PKW4395,1683.57,2911.77,13.89,-218.46,6.7
968,PKW4396,1320.33,1331.62,0.0,-225.15,6.05
968,PKW4402,1851.04,2778.73,13.89,-218.46,6.58
968,PKW4403,2546.38,803.57,4.7,-26.53,5.01
968,PKW4405,2821.99,2332.54,13.83,-55.11,5.09
968,PKW4406,1177.95,1091.28,13.89,-177.77,6.4
968,PKW4407,2048.94,2695.52,0.0,-183.66,3.92
968,PKW4410,1874.35,2756.13,13.89,-218.46,5.82
968,PKW4412,1909.03,1799.63,13.89,-14.68,6.97
968,PKW4416,2114.12,1007.03,13.89,-10.57,6.3
968,PKW4420,2088.43,2692.99,0.0,-183.66,5.6
968,PKW4422,1862.08,2265.32,0.0,-257.27,6.86
968,PKW4428,3282.59,1971.83,13.89,-3.65,4.98
968,PKW4430,1503.42,1052.19,13.89,-264.24,4.82
968,PKW4431,2805.38,2345.66,9.1,-56.38,5.16
968,PKW4433,1784.05,2831.95,13.89,-218.46,3.64
968,PKW4436,1087.72,2020.98,13.89,-255.61,4.39
968,PKW4437,1983.69,1014.03,10.4,-3.42,6.28
968,PKW4438,2053.53,1622.32,13.89,-124.49,5.96
968,PKW4443,2477.2,1966.93,13.89,20.88,6.71
968,PKW4446,2005.4,1015.94,10.92,-3.42,3.81
968,PKW4447,2094.02,2695.84,0.0,-182.62,4.59
968,PKW4448,1888.43,1805.58,13.89,-8.0,6.12
968,PKW4454,1867.33,1808.21,13.89,8.08,3.68
968,PKW4455,1866.88,2064.65,13.08,-76.29,4.93
968,PKW4461,1138.79,1827.69,7.27,-260.58,5.46
968,PKW4464,1887.9,1356.99,0.0,50.64,6.1
968,PKW4466,1863.23,2084.62,12.74,-84.45,3.62
968,PKW4468,1932.68,1912.01,0.0,46.39,5.87
968,PKW4469,1825.4,1831.33,12.01,-191.03,6.72
968,PKW4470,2046.57,1010.25,13.89,-3.71,6.28
968,PKW4474,2106.85,2695.36,0.0,-199.24,6.0
968,PKW4475,2056.42,2695.04,0.0,-183.66,4.78
968,PKW4477,2476.07,1969.91,13.89,20.85,3.9
968,PKW4478,3264.77,1969.76,13.89,-3.65,4.86
968,PKW4479,1095.3,2004.28,13.89,-255.61,3.91
968,PKW4482,1860.71,2170.38,0.43,-88.56,5.03
968,PKW4483,1956.79,2640.25,13.89,64.88,6.22
968,PKW4484,1144.6,1831.74,0.0,-260.58,5.64
968,PKW4485,2830.99,2303.12,0.0,-54.81,3.97
968,PKW4486,1753.1,2852.45,13.89,-218.46,5.76
968,PKW4488,2198.8,2272.61,13.89,-216.04,5.9
968,PKW4489,1929.19,1435.56,13.89,-122.87,4.37
968,PKW4492,2735.44,2421.27,2.23,-42.31,6.95
968,PKW4493,2833.67,2304.87,0.0,-54.83,3.6
968,PKW4494,1935.52,2463.66,13.89,-215.42,6.83
968,PKW4496,2583.14,531.05,6.28,3.72,3.81
968,PKW4498,2583.75,527.89,5.88,3.72,4.17
968,PKW4499,2841.38,2359.47,9.55,-244.08,4.13
968,PKW4503,1841.58,1784.54,3.9,51.26,5.76
968,PKW4505,2602.0,810.95,0.0,57.28,5.85
968,PKW4507,2597.93,804.62,0.0,56.37,3.86
968,PKW4508,2058.43,1466.5,8.33,-33.73,3.89
968,PKW4510,2839.6,2355.81,4.89,-244.07,6.58
968,PKW4511,1769.85,2839.14,13.89,-218.46,6.76
968,PKW4512,2460.95,896.49,6.98,-20.1,5.02
968,PKW4517,2829.54,2154.91,9.1,70.03,3.64
968,PKW4518,1792.81,1825.16,0.0,-27.47,4.12
968,PKW4519,1860.54,2178.28,3.14,-89.17,6.61
968,PKW4521,1909.84,1802.73,13.89,-14.53,3.6
968,PKW4524,1701.94,1094.14,13.89,-195.17,6.23
968,PKW4525,1862.03,2122.47,10.36,-88.62,3.87
968,PKW4526,1785.92,1828.74,1.3,-27.47,4.63
968,PKW4528,1879.69,1341.93,0.0,50.66,6.49
968,PKW4529,1883.12,1351.16,0.0,50.64,6.42
968,PKW4530,1872.58,1851.71,7.8,-125.0,3.97
968,PKW4531,2776.13,2388.0,0.0,-46.99,3.9
968,PKW4533,2763.98,2062.89,0.0,-113.16,3.94
968,PKW4534,2056.67,2698.23,0.0,-183.66,6.24
968,PKW4535,2823.92,2139.37,7.8,70.08,6.57
968,PKW4538,1702.78,1097.23,13.89,-195.17,3.59
968,PKW4540,1140.57,1836.44,0.0,-260.58,3.72
968,PKW4541,2659.08,2524.54,13.89,-218.66,6.71
968,PKW4544,2836.36,2306.61,0.0,-54.81,6.7
968,PKW4547,1984.58,1908.5,0.0,-239.49,5.29
968,PKW4548,2461.93,889.32,10.36,-20.1,4.67
968,PKW4549,2826.7,2309.21,0.0,-54.81,5.97
968,PKW4551,1626.9,1406.67,13.89,62.34,3.99
968,PKW4552,2365.53,1949.43,13.89,-152.14,5.67
968,PKW4553,2101.56,2695.53,0.0,-181.75,5.95
968,PKW4554,1491.67,658.61,7.8,-200.49,6.29
968,PKW4555,2833.33,2174.7,11.7,70.03,5.65
968,PKW4557,1720.92,1082.36,13.89,-191.95,6.8
968,PKW4559,1868.06,1323.17,0.0,66.96,4.63
968,PKW4560,1959.74,2638.99,13.89,64.88,3.98
968,PKW4563,2458.67,1714.94,13.89,-269.01,6.82
968,PKW4564,1957.05,2617.07,13.89,67.83,3.98
968,PKW4565,2728.24,2427.82,6.73,-42.31,6.16
968,PKW4566,2079.08,2696.79,0.0,-183.66,6.78
968,PKW4568,1888.14,1802.39,13.89,-7.99,5.51
968,PKW4569,2132.65,434.24,13.89,2.69,4.86
968,PKW4570,1723.43,1091.63,13.89,-192.07,5.72
968,PKW4576,2004.18,1012.8,13.0,-3.42,5.42
968,PKW4577,2852.98,2344.64,13.89,-232.9,6.56
968,PKW4578,2818.12,2321.37,0.0,-54.81,4.17
968,PKW4580,1132.79,1844.27,0.0,-260.58,6.66
968,PKW4582,2017.31,430.35,9.23,6.96,5.06
968,PKW4584,1199.32,1092.11,13.89,-177.77,4.01
968,PKW4585,1878.34,1345.34,0.0,50.64,4.54
968,PKW4586,1804.11,1816.26,1.1,-25.89,4.99
968,PKW4587,2050.44,1016.41,13.89,-3.7,6.78
968,PKW4588,2071.38,2694.08,0.0,-183.66,6.67
968,PKW4589,2781.43,2386.69,13.88,-49.52,5.16
968,PKW4591,2140.82,438.12,13.89,4.73,5.78
968,PKW4595,2113.94,437.0,13.89,-0.11,6.61
968,PKW4596,1949.15,2597.19,13.89,41.64,5.08
968,PKW4597,2756.04,2411.17,13.89,-42.31,5.15
968,PKW4599,2832.04,2312.74,0.0,-54.81,4.15
968,PKW4601,2067.88,1043.0,13.89,-190.28,4.43
968,PKW4603,2826.77,2156.66,10.4,70.03,6.94
968,PKW4604,2818.74,2125.1,6.5,70.08,5.85
968,PKW4605,3304.14,1973.66,13.89,-3.65,5.63
968,PKW4607,2740.98,2416.22,0.0,-42.31,6.23
968,PKW4608,1973.7,424.13,4.87,-10.55,3.74
968,PKW4612,1906.55,1399.36,3.85,-117.6,4.65
968,PKW4613,2561.91,1313.95,0.0,86.81,6.4
968,PKW4615,1939.0,2578.67,13.89,69.7,6.52
968,PKW4617,1711.86,1058.2,13.89,-16.52,4.43
968,PKW4618,1513.7,1209.13,3.73,-119.89,6.18
968,PKW4619,1940.34,2600.62,13.89,69.37,6.54
968,PKW4621,1961.34,426.65,7.56,-16.75,4.44
968,PKW4624,3261.24,1973.19,13.89,-3.65,5.87
968,PKW4625,2089.6,1042.3,13.89,-192.4,5.44
968,PKW4628,1889.64,1853.42,13.89,55.32,4.93
968,PKW4630,2098.33,434.09,13.89,-1.54,6.73
968,PKW4632,2079.38,1040.91,8.06,-190.31,6.96
968,PKW4633,1709.31,1048.95,13.89,-16.5,5.59
968,PKW4634,1777.56,1032.39,13.89,-15.51,4.73
968,PKW4635,1946.5,431.61,5.28,-24.78,5.57
968,PKW4636,2412.53,1939.25,10.4,28.31,5.64
968,PKW4637,2077.21,433.29,13.87,18.85,6.99
968,PKW4638,2355.9,495.4,0.0,-148.77,6.52
968,PKW4639,1320.88,1210.3,13.89,-175.48,6.73
968,PKW4641,2113.72,2692.08,0.0,-187.98,6.43
968,PKW4643,2312.49,1877.3,13.89,37.99,3.67
968,PKW4644,1862.26,2105.06,12.36,-89.78,5.47
968,PKW4646,2137.5,1027.41,13.89,-195.56,4.17
968,PKW4647,1932.99,2580.87,13.89,69.7,4.49
968,PKW4649,2216.68,2260.81,13.89,-214.12,5.21
968,PKW4651,2882.45,2313.25,2.6,-141.81,4.38
968,PKW4652,1519.29,1218.86,8.23,-119.89,6.9
968,PKW4653,2063.9,2694.56,0.0,-183.66,4.23
968,PKW4654,2386.6,1960.56,13.89,-152.11,4.98
968,PKW4656,1688.71,1055.17,13.89,-18.18,3.99
968,PKW4659,2070.75,1829.04,13.89,-220.96,5.69
968,PKW4660,1925.57,2560.79,13.89,69.7,4.4
968,PKW4661,2727.41,2437.24,13.89,-42.31,3.94
968,PKW4663,2193.78,1007.89,13.89,-197.81,5.45
968,PKW4664,1519.71,1152.55,13.89,-34.76,5.12
968,PKW4665,1220.7,1092.94,13.89,-177.77,5.55
968,PKW4666,2565.13,1314.07,0.0,86.49,6.68
968,PKW4668,3282.79,1975.02,13.89,-3.65,6.65
968,PKW4670,1255.63,1415.79,8.71,-234.19,6.28
968,PKW4676,2813.83,2327.45,0.0,-55.16,5.05
968,PKW4677,1690.53,1061.31,13.89,-18.19,4.09
968,PKW4678,1858.44,2137.43,11.31,-88.46,4.84
968,PKW4679,1711.01,1055.12,13.89,-16.51,5.83
968,PKW4680,1536.98,1139.93,13.89,-36.52,4.38
968,PKW4682,2871.72,2308.21,13.89,-256.55,6.67
968,PKW4683,1800.33,1030.27,13.89,-8.16,5.35
968,PKW4684,1893.1,2466.35,10.4,82.46,5.12
968,PKW4685,2820.68,2139.82,9.1,70.08,3.63
968,PKW4688,1857.6,2769.44,13.89,-218.46,6.8
968,PKW4689,2814.13,2112.0,5.2,74.58,6.1
968,PKW4690,2362.32,499.3,1.28,-148.55,6.93
968,PKW4692,1892.01,2742.1,13.89,-218.46,6.7
968,PKW4696,2110.15,1034.19,13.54,-193.46,5.33
968,PKW4697,963.54,1082.94,13.89,-177.77,5.73
968,PKW4700,2362.86,2681.84,13.89,-183.21,5.93
968,PKW4701,2890.48,2319.38,0.0,-138.43,4.15
968,PKW4702,2158.14,1021.66,13.89,-195.56,3.73
968,PKW4704,2056.26,430.16,13.87,3.66,5.56
968,PKW4706,1866.88,1805.04,13.89,8.07,6.58
968,PKW4707,2178.78,1015.91,13.89,-196.13,6.29
968,PKW4708,2809.51,2333.68,0.0,-56.18,4.56
968,PKW4709,2884.89,2311.09,2.6,-141.86,3.51
968,PKW4710,3239.7,1971.36,13.89,-3.65,5.65
968,PKW4711,1931.58,2558.62,13.89,69.7,4.2
968,PKW4712,2626.29,952.73,6.97,-136.08,6.57
968,PKW4713,3218.55,1975.92,13.89,-3.65,6.8
968,PKW4714,2193.94,1004.48,11.39,-197.8,6.63
968,PKW4716,2361.91,2678.7,13.89,-183.35,6.46
968,PKW4717,1885.89,513.43,13.89,-207.89,6.96
968,PKW4719,2082.42,1721.69,0.0,-21.86,6.39
968,PKW4721,1945.47,2692.72,5.2,-21.3,4.95
968,PKW4723,989.74,1083.96,13.89,-177.77,6.15
968,PKW4724,1737.32,592.55,10.4,-208.34,3.91
968,PKW4725,1691.45,1064.38,13.89,-18.16,5.33
968,PKW4726,2209.95,1006.06,13.89,-197.79,5.94
968,PKW4727,1700.27,1087.96,13.89,-195.18,4.45
968,PKW4728,1134.67,1852.47,0.0,-260.55,5.31
968,PKW4729,3197.0,1974.08,13.89,-3.65,3.58
968,PKW4730,2825.06,2317.08,0.0,-54.83,4.51
968,PKW4731,2589.39,845.01,11.74,-11.07,4.66
968,PKW4732,1895.39,2459.23,13.89,82.41,5.41
968,PKW4734,2034.67,431.85,12.66,4.6,5.38
968,PKW4735,2716.87,945.94,13.89,-11.77,5.23
968,PKW4736,1935.1,438.25,5.82,-41.01,6.15
968,PKW4737,2329.43,2160.66,11.85,-245.01,6.72
968,PKW4739,2326.53,2159.31,11.85,-245.01,5.36
968,PKW4740,2897.98,2269.09,0.0,-251.92,6.96
968,PKW4741,1860.39,2188.92,7.64,-89.17,6.44
968,PKW4742,2200.68,2275.2,13.89,-216.07,5.21
968,PKW4743,2814.91,2123.91,8.13,70.08,6.54
968,PKW4744,2211.9,998.71,11.39,-197.8,4.36
968,PKW4745,2823.39,2325.0,0.0,-54.81,3.98
968,PKW4746,2837.79,2298.63,0.0,-56.6,4.59
968,PKW4749,2845.01,2344.68,9.39,-233.66,5.4
968,PKW4750,1556.57,1111.72,13.89,-171.27,3.74
968,PKW4751,1845.28,1830.99,12.01,-184.02,6.96
968,PKW4752,2835.08,2296.91,0.0,-56.7,3.78
968,PKW4753,1668.25,1061.43,13.89,-16.65,6.04
968,PKW4754,1947.14,2695.41,5.2,-21.35,5.95
968,PKW4755,2892.44,2316.85,0.0,-138.53,5.36
968,PKW4757,2855.13,2331.19,13.89,-236.5,4.89
968,PKW4759,1502.14,1164.75,13.0,-34.76,6.41
968,PKW4760,2093.03,1010.97,13.89,-10.57,6.21
968,PKW4761,1951.08,2619.38,13.89,67.86,6.61
968,PKW4762,2337.6,2143.12,13.89,-245.01,3.54
968,PKW4763,1942.66,2688.48,5.2,-37.22,5.21
968,PKW4764,1813.24,1809.69,5.7,-19.14,5.32
968,PKW4765,1868.85,526.9,13.89,-211.75,3.96
968,PKW4766,1705.54,1564.27,13.89,-117.52,3.61
968,PKW4767,2900.3,2261.98,0.0,-249.82,6.36
968,PKW4768,1798.3,1819.93,0.0,-43.88,6.71
968,PKW4769,2280.24,983.07,13.89,-198.14,3.79
968,PKW4770,1924.9,447.9,6.68,-44.8,3.97
968,PKW4771,2894.98,2267.94,0.0,-251.91,4.39
968,PKW4772,2228.1,996.83,13.89,-198.29,4.82
968,PKW4774,2000.03,426.94,8.01,18.0,4.06
968,PKW4776,2861.68,2327.01,13.89,-237.67,5.46
968,PKW4777,2457.44,1672.73,13.89,82.68,5.17
968,PKW4778,1892.11,2746.11,13.89,-218.46,4.67
968,PKW4779,1671.0,1070.63,13.89,-16.65,5.34
968,PKW4780,1823.47,1802.74,7.8,-19.16,6.45
968,PKW4781,1925.25,496.37,13.89,-207.41,3.55
968,PKW4784,1813.53,2273.87,13.89,-185.34,6.75
968,PKW4785,2902.88,2254.97,0.0,-248.48,3.8
968,PKW4786,2569.39,530.16,10.78,3.72,4.48
968,PKW4787,1867.35,524.08,13.89,-211.8,6.47
968,PKW4788,2229.84,992.88,9.34,-198.24,4.76
968,PKW4789,2297.99,973.89,9.99,-198.13,5.99
968,PKW4790,2891.99,2266.79,0.0,-251.91,5.06
968,PKW4791,1897.13,2485.12,11.7,67.94,5.01
968,PKW4792,1923.78,493.53,13.89,-207.41,6.45
968,PKW4793,1967.13,1777.66,0.0,-28.24,4.12
968,PKW4794,1906.29,506.26,13.89,-207.9,6.92
968,PKW4796,2008.93,1880.52,0.0,-217.32,4.89
968,PKW4798,2025.45,1011.62,13.89,-3.71,4.4
968,PKW4799,2613.87,881.48,0.0,-99.51,3.59
968,PKW4800,2615.1,888.87,0.0,-99.51,4.04
968,PKW4801,2094.0,1034.77,10.0,-193.46,4.58
968,PKW4802,1670.08,1067.57,13.89,-16.63,4.42
968,PKW4803,3197.2,1977.28,13.89,-3.65,4.32
968,PKW4805,2802.82,2044.31,0.0,-187.97,4.68
968,PKW4806,2768.72,2390.98,0.0,-42.31,6.57
968,PKW4807,2809.75,2415.23,0.0,-88.68,3.97
968,PKW4808,1291.41,1207.97,13.89,-175.48,5.56
968,PKW4809,3154.31,1976.81,13.89,-3.65,6.96
968,PKW4810,2806.56,2414.6,0.0,-88.68,4.12
968,PKW4812,2836.16,1732.58,13.89,0.26,3.71
968,PKW4814,1971.87,1926.62,0.0,-235.96,5.61
968,PKW4815,1881.48,1864.41,5.2,-125.0,6.02
968,PKW4816,1920.36,1052.31,13.89,-185.99,4.32
968,PKW4817,1986.84,427.03,8.71,2.71,4.38
968,PKW4818,2803.38,2413.96,0.0,-88.68,3.95
968,PKW4819,2897.32,2260.78,0.0,-249.75,3.86
968,PKW4820,1944.43,486.92,13.89,-204.74,6.84
968,PKW4822,2002.97,1885.07,0.0,-217.32,3.99
968,PKW4823,2840.49,2300.35,0.0,-56.65,4.53
968,PKW4824,1114.93,1875.85,13.89,-152.82,5.03
968,PKW4825,2806.38,2422.1,0.0,-88.68,4.22
968,PKW4826,2300.81,976.33,13.89,-198.14,5.84
968,PKW4827,1738.54,595.49,10.4,-208.2,5.05
968,PKW4828,2774.54,1993.56,0.0,75.75,6.54
968,PKW4829,2829.37,2310.97,0.0,-54.83,5.45
968,PKW4830,3175.65,1975.45,13.89,-3.65,5.16
968,PKW4831,2816.46,2329.3,0.0,-55.16,6.71
968,PKW4832,1904.8,503.42,13.89,-207.89,4.97
968,PKW4833,2267.19,1881.26,13.89,-139.81,5.58
968,PKW4834,1897.39,1045.06,13.89,-185.98,3.62
968,PKW4836,2571.43,847.15,13.89,-23.13,4.9
968,PKW4837,1908.86,2732.81,13.89,-218.46,6.07
968,PKW4838,2067.71,1008.19,13.89,-7.39,3.9
968,PKW4839,2809.57,2422.72,0.0,-88.68,5.25
968,PKW4840,2905.63,2248.01,0.0,-244.08,4.83
968,PKW4841,1921.25,2539.61,13.89,70.8,6.18
968,PKW4842,2894.35,2259.59,0.0,-249.79,4.81
968,PKW4843,2565.0,1306.67,0.0,77.72,4.34
968,PKW4846,2803.2,2421.47,0.0,-88.68,6.64
968,PKW4847,1943.09,484.04,13.89,-205.02,5.39
968,PKW4848,1970.42,1934.49,0.0,-236.0,5.86
968,PKW4849,2896.05,2324.4,0.0,-137.06,6.7
968,PKW4850,2908.96,2241.32,0.0,-242.58,4.21
968,PKW4851,1855.47,498.16,3.33,-26.23,5.56
968,PKW4852,1893.66,479.34,6.03,-26.23,5.81
968,PKW4854,1974.6,1928.31,0.0,-235.93,6.56
968,PKW4855,2617.94,903.72,4.56,-103.86,6.36
968,PKW4856,1357.41,1213.18,13.89,-178.6,6.58
968,PKW4857,1387.85,1213.96,11.34,-178.51,6.86
968,PKW4858,2321.14,969.7,13.89,-197.69,6.79
968,PKW4859,1932.39,2695.94,2.6,-34.52,4.14
968,PKW4860,1941.44,1050.1,13.89,-181.86,6.79
968,PKW4861,2332.24,962.8,13.41,-197.69,6.01
968,PKW4862,1909.22,2728.43,13.89,-218.46,5.91
968,PKW4863,2695.9,950.3,13.89,-21.08,4.75
968,PKW4864,1874.96,1336.15,0.0,58.19,4.3
968,PKW4865,2912.4,2234.68,0.0,-242.58,5.81
968,PKW4866,2245.84,987.61,6.97,-198.17,4.98
968,PKW4867,1607.91,1087.26,13.89,-31.6,5.91
968,PKW4868,1351.43,1282.57,13.89,-38.21,3.68
968,PKW4869,2283.65,1894.97,13.89,-142.11,4.3
968,PKW4870,2616.34,896.27,0.0,-100.93,4.85
968,PKW4871,2903.55,2244.81,0.0,-242.6,4.13
968,PKW4872,2066.51,1718.39,8.23,-43.33,3.53
968,PKW4873,1982.99,1915.95,0.0,-255.39,5.05
968,PKW4874,2908.19,2036.47,13.89,-184.0,3.86
968,PKW4877,2803.03,2428.97,0.0,-88.68,4.48
968,PKW4878,2419.45,984.69,13.89,64.16,5.83
968,PKW4879,2071.82,1014.12,13.89,-7.37,6.36
968,PKW4880,2921.84,2032.3,13.89,-184.01,4.21
968,PKW4881,2752.08,2406.12,0.0,-42.31,4.48
968,PKW4882,1485.11,1176.57,10.51,-35.9,4.64
968,PKW4883,1683.55,1873.19,0.0,-198.41,5.47
968,PKW4884,1570.92,1100.8,13.89,8.21,4.87
968,PKW4886,1936.02,2701.2,2.6,-34.52,3.76
968,PKW4887,2407.65,960.33,10.04,64.16,4.7
968,PKW4888,2896.97,2252.49,0.0,-248.33,4.18
968,PKW4889,2352.16,956.45,13.16,-197.69,4.92
968,PKW4890,1967.66,1932.87,0.0,-236.0,6.48
968,PKW4891,1969.31,428.2,11.56,-11.77,5.07
968,PKW4893,2334.61,2141.96,13.82,-245.01,6.52
968,PKW4894,1917.23,2518.35,13.89,69.12,3.83
968,PKW4895,2899.77,2245.46,0.0,-244.17,6.2
968,PKW4896,1543.06,1103.58,13.89,6.71,5.08
968,PKW4897,1840.08,2271.39,9.1,-185.34,4.36
968,PKW4898,1543.89,1097.23,13.89,6.69,4.76
968,PKW4899,2866.3,2313.02,13.89,-247.83,5.25
968,PKW4900,1534.21,1105.89,13.89,-173.7,4.03
968,PKW4901,1887.38,516.26,13.89,-207.9,3.8
968,PKW4902,2631.17,989.22,12.41,-70.6,3.69
968,PKW4903,2371.85,950.17,12.8,-197.69,3.9
968,PKW4904,2915.84,2228.05,0.0,-242.58,6.19
968,PKW4905,1516.67,1100.59,13.89,5.88,4.88
968,PKW4906,1913.72,2537.47,13.89,-109.2,4.89
968,PKW4907,2144.75,1757.21,5.2,-107.24,3.59
968,PKW4908,1927.7,2706.93,0.0,-34.52,5.69
968,PKW4909,2014.9,1875.97,0.0,-217.32,4.56
968,PKW4910,2624.04,1014.95,13.89,-52.07,6.68
968,PKW4911,3154.51,1980.01,13.89,-3.65,6.59
968,PKW4912,2540.13,1365.9,0.0,-69.87,6.19
968,PKW4913,2299.79,969.93,8.58,-198.14,5.02
968,PKW4914,1148.22,1809.06,0.0,-261.73,3.52
968,PKW4915,2391.2,944.02,11.39,-197.54,4.78
968,PKW4916,2907.01,2238.12,0.0,-242.6,6.16
968,PKW4917,2806.21,2429.6,0.0,-88.68,3.9
968,PKW4918,1489.21,1096.73,13.89,9.84,6.5
968,PKW4919,2903.13,2238.68,0.0,-242.6,5.95
968,PKW4920,1962.62,1049.41,13.89,-181.86,6.13
968,PKW4921,2475.43,891.12,7.9,-20.63,6.23
968,PKW4922,2763.17,2396.02,0.0,-42.31,3.67
968,PKW4923,2864.11,2261.71,0.45,64.64,6.4
968,PKW4924,1859.72,2234.98,13.89,-89.17,5.56
968,PKW4925,2537.73,1372.76,0.0,-72.17,3.57
968,PKW4926,3132.96,1978.17,13.89,-3.65,6.78
968,PKW4927,2502.5,871.8,13.89,-36.65,4.08
968,PKW4929,1510.79,1024.22,13.89,-246.95,4.57
968,PKW4930,2053.08,1844.37,13.89,-220.96,6.59
968,PKW4931,1941.11,437.98,13.89,-34.69,4.93
968,PKW4932,1156.12,1636.55,13.89,-244.38,4.18
968,PKW4933,1845.76,502.94,3.33,-26.23,4.67
968,PKW4934,2802.86,2436.47,0.0,-88.68,5.0
968,PKW4935,1564.49,1294.28,13.89,-116.55,5.96
968,PKW4936,1857.91,2156.24,8.71,-88.37,3.57
968,PKW4937,1841.35,1805.27,7.8,-7.58,4.55
968,PKW4938,2746.53,2411.17,0.0,-42.31,3.61
968,PKW4939,1978.78,1922.12,0.0,-235.7,3.97
968,PKW4940,2806.04,2437.1,0.0,-88.68,5.12
968,PKW4941,3074.47,2024.83,13.89,-184.0,5.95
968,PKW4942,2772.79,1986.27,0.0,78.16,4.81
968,PKW4943,2314.89,968.35,12.07,-197.89,5.69
968,PKW4944,1446.61,1199.54,13.89,-32.78,5.11
968,PKW4945,2809.4,2430.22,0.0,-88.68,6.82
968,PKW4946,1718.26,599.57,13.0,-196.64,3.55
968,PKW4947,1789.55,1823.24,0.0,-27.5,6.55
968,PKW4948,1924.06,2701.66,0.0,-34.52,6.76
968,PKW4949,3175.85,1978.65,13.89,-3.65,6.53
968,PKW4950,1411.28,1222.88,6.14,-50.67,5.61
968,PKW4951,1413.37,1226.38,13.89,-40.66,5.89
968,PKW4952,2409.2,938.32,8.79,-199.91,5.18
968,PKW4953,2352.6,2103.36,13.75,-245.01,4.02
968,PKW4954,1616.97,1387.73,13.89,62.34,3.91
968,PKW4955,1392.39,1090.02,13.89,2.23,6.71
968,PKW4956,1859.58,2256.2,13.89,-95.18,6.0
968,PKW4957,1393.49,1237.93,12.46,-37.45,5.52
968,PKW4958,1925.4,451.91,13.89,-45.05,3.79
968,PKW4959,2919.29,2221.41,0.0,-242.58,6.43
968,PKW4960,2180.33,480.2,13.89,-175.04,4.94
968,PKW4962,1924.14,2705.48,0.0,-34.52,6.41
968,PKW4963,2605.94,811.18,0.0,57.29,4.37
968,PKW4964,1874.94,2045.83,13.35,-63.57,6.71
968,PKW4965,1857.02,2200.39,9.38,-89.17,4.92
968,PKW4966,1869.67,2084.52,13.89,-264.45,5.46
968,PKW4967,2330.72,959.92,13.89,-197.69,5.52
968,PKW4968,2757.62,2401.07,0.0,-42.31,5.08
968,PKW4969,2802.68,2443.98,0.0,-88.68,4.02
968,PKW4970,1348.83,1276.47,13.89,-38.2,3.71
968,PKW4971,1857.45,2172.44,6.11,-88.82,5.0
968,PKW4972,2771.25,1978.93,0.0,78.16,5.66
968,PKW4973,3157.61,2019.01,13.89,-184.0,4.72
968,PKW4974,3176.25,2014.49,13.89,-184.01,6.56
968,PKW4975,1871.06,1329.81,0.0,64.92,6.41
968,PKW4976,2003.84,2696.57,0.0,-185.57,6.63
968,PKW4977,2809.23,2437.71,0.0,-88.68,4.52
968,PKW4978,1917.96,2709.73,0.0,-34.52,4.03
968,PKW4980,3194.06,2016.45,13.89,-184.0,4.6
968,PKW4981,1879.7,489.78,12.63,-26.23,5.73
968,PKW4982,2920.3,759.9,13.89,-14.88,6.98
968,PKW4983,1323.11,1084.12,13.89,2.23,4.61
968,PKW4984,2026.91,1014.73,10.4,-3.71,3.64
968,PKW4985,2777.69,1992.93,0.0,75.6,4.54
968,PKW4986,1921.52,2711.18,0.0,-34.52,3.67
968,PKW4987,2910.47,2231.44,0.0,-242.6,6.19
968,PKW4988,2917.4,2218.08,0.0,-242.46,4.0
968,PKW4990,1161.91,1616.07,13.89,-259.58,5.73
968,PKW4991,1880.65,485.75,6.13,-26.23,3.7
968,PKW4992,1871.45,2045.57,13.89,-64.23,4.79
968,PKW4993,2769.72,1971.59,0.0,78.16,6.23
968,PKW4994,2898.23,2322.05,0.0,-137.06,4.55
968,PKW4995,2805.86,2444.6,0.0,-88.68,5.72
968,PKW4996,2404.24,944.64,7.44,-210.61,4.67
968,PKW4997,2634.62,2502.97,13.89,-39.77,5.54
968,PKW4998,2371.49,946.92,13.89,-197.69,5.78
968,PKW4999,1917.88,2705.91,0.0,-34.52,4.11
968,PKW5000,1281.35,1085.7,13.89,2.23,4.0
968,PKW5001,2898.59,762.35,13.89,-14.88,4.39
968,PKW5002,2768.18,1964.25,0.0,78.16,5.9
968,PKW5004,3226.89,2014.16,13.89,-184.0,6.64
968,PKW5005,1267.59,1081.96,13.89,2.23,4.79
968,PKW5006,2491.92,654.77,13.89,-119.19,5.83
968,PKW5007,2482.71,2628.39,13.89,-31.54,4.77
968,PKW5008,2913.94,2224.76,0.0,-242.6,5.52
968,PKW5009,2766.64,1956.91,0.0,78.16,4.16
968,PKW5010,1860.1,2209.03,11.3,-89.17,4.65
968,PKW5011,2578.13,1149.33,13.89,-260.66,5.08
968,PKW5012,3254.6,2012.22,13.89,-184.0,6.63
968,PKW5013,1253.59,1084.62,13.89,2.23,5.15
968,PKW5014,1103.64,1837.46,13.89,-73.09,6.59
968,PKW5015,2535.43,1379.9,0.0,-72.17,6.4
968,PKW5016,2502.13,673.69,13.89,-129.14,4.39
968,PKW5017,1239.83,1080.88,13.89,2.23,6.67
968,PKW5018,2301.64,1908.87,13.89,-142.6,6.67
968,PKW5019,1898.02,1048.21,13.89,-185.98,5.68
968,PKW5020,3274.41,2007.61,13.89,-184.01,4.67
968,PKW5021,1701.1,1091.05,13.89,-195.18,4.5
968,PKW5022,2116.48,474.64,13.89,-174.95,5.57
968,PKW5023,1960.54,1781.2,3.48,-28.24,4.5
968,PKW5024,2827.72,2318.87,0.0,-54.81,6.4
968,PKW5025,3362.03,2001.48,13.89,-184.01,6.35
968,PKW5026,2464.47,2639.48,13.89,-31.1,3.7
968,PKW5027,2417.78,938.61,7.44,-199.42,5.69
968,PKW5028,2712.65,2441.27,13.89,-38.32,4.6
968,PKW5029,2514.43,691.63,13.89,-116.27,5.86
968,PKW5030,2346.64,2123.73,13.89,-245.01,6.25
968,PKW5031,1721.75,1085.45,13.89,-192.0,5.05
968,PKW5032,1197.95,1085.66,13.89,2.23,5.09
968,PKW5033,1911.85,2714.08,0.0,-38.46,5.84
968,PKW5034,2915.53,2214.74,0.0,-241.62,3.74
968,PKW5035,2802.51,2451.48,0.0,-88.68,6.55
968,PKW5036,2995.79,1986.93,13.89,-3.65,4.19
968,PKW5037,2582.29,1128.47,13.89,-256.82,3.89
968,PKW5038,2551.97,856.0,13.89,-25.57,5.07
968,PKW5039,1719.18,602.64,13.0,-196.67,6.61
968,PKW5040,2523.78,1413.84,0.0,-76.55,6.16
968,PKW5041,2636.55,2505.54,13.89,-39.77,5.69
968,PKW5042,1915.34,2715.43,0.0,-38.18,5.79
968,PKW5043,1875.48,2059.46,13.89,-244.74,5.34
968,PKW5044,1578.0,1114.89,13.89,-172.73,5.32
968,PKW5045,2940.52,747.91,13.89,-14.88,3.52
968,PKW5046,2805.69,2452.1,0.0,-88.68,6.19
968,PKW5047,2460.89,920.94,7.19,-198.67,3.61
968,PKW5048,1170.44,1078.18,13.89,2.23,6.21
968,PKW5049,1538.89,1142.5,13.89,-36.52,4.52
968,PKW5050,1634.36,1882.0,13.89,-10.24,3.55
968,PKW5051,2773.96,1976.25,0.0,78.16,4.23
968,PKW5052,1722.59,1088.54,13.89,-192.02,5.7
968,PKW5053,2522.03,1421.14,2.23,-76.55,6.04
968,PKW5054,2922.75,2214.78,0.0,-240.57,4.16
968,PKW5055,2820.76,2323.19,0.0,-54.83,6.86
968,PKW5056,2431.83,933.95,7.92,-197.83,6.62
968,PKW5057,2587.17,1107.63,13.89,-256.82,5.7
968,PKW5058,2363.92,2086.52,13.89,-245.27,5.63
968,PKW5059,1888.64,2037.19,13.89,-249.02,4.78
968,PKW5060,2922.89,755.9,13.89,-14.88,4.47
968,PKW5061,2436.29,925.79,12.1,-197.86,4.05
968,PKW5062,2926.66,1991.35,13.89,-3.65,5.31
968,PKW5063,2920.95,2211.45,0.0,-240.57,5.02
968,PKW5064,2926.43,2208.27,0.0,-240.57,4.98
968,PKW5065,2941.28,754.33,13.89,-14.88,4.2
968,PKW5066,2808.04,2489.31,13.58,-88.68,5.33
968,PKW5067,2804.97,2483.42,13.89,-88.68,4.47
968,PKW5068,2351.11,953.42,13.89,-197.69,4.72
968,PKW5069,2416.32,932.33,13.4,-199.05,5.42
968,PKW5070,2446.54,929.17,10.48,-198.65,5.77
968,PKW5071,1893.16,2728.92,13.89,-38.46,6.85
968,PKW5072,1894.99,2731.55,13.89,-38.46,3.84
968,PKW5073,2523.9,710.81,13.89,-116.27,4.64
968,PKW5074,3407.02,2001.54,13.89,-184.0,6.47
968,PKW5075,2137.76,476.51,13.89,-175.04,3.8
968,PKW5076,2801.66,2488.44,13.89,-88.68,5.06
968,PKW5077,2804.47,2504.91,13.89,-88.68,4.02
968,PKW5078,2103.03,1795.32,13.89,-223.8,4.78
968,PKW5079,2767.77,2079.88,0.0,-113.15,6.38
968,PKW5080,2592.9,1056.07,13.89,-57.74,4.86
968,PKW5081,2807.55,2510.38,13.35,-88.68,5.61
968,PKW5082,1278.36,1384.94,13.89,-232.58,6.57
968,PKW5083,2454.84,919.61,13.58,-198.67,3.66
968,PKW5084,1857.23,2186.08,8.06,-89.17,6.77
968,PKW5085,2478.17,911.71,10.3,-198.8,3.9
968,PKW5086,3434.74,1999.6,13.89,-184.0,6.55
968,PKW5087,2801.01,2516.23,13.89,-88.68,4.75
968,PKW5088,2589.44,841.74,11.39,-11.07,4.49
968,PKW5089,2803.88,2530.69,13.89,-88.68,4.52
968,PKW5090,1059.4,1073.86,13.89,2.23,6.53
968,PKW5091,2616.19,2518.31,13.89,-39.77,6.48
968,PKW5092,2009.58,2413.86,13.89,-216.68,3.82
968,PKW5093,2662.25,2000.41,13.89,8.5,5.42
968,PKW5094,2678.82,938.92,0.0,58.62,3.9
968,PKW5095,2169.68,1720.77,0.0,-224.13,6.9
968,PKW5096,2463.57,923.42,13.23,-198.65,4.72
968,PKW5097,1900.99,2014.16,13.89,-234.84,4.16
968,PKW5098,2474.83,916.23,5.91,-198.79,4.15
968,PKW5099,1031.64,1072.78,13.89,2.23,5.05
968,PKW5100,1031.52,1075.98,13.89,2.23,5.63
968,PKW5101,2598.31,2533.19,13.89,-39.77,4.26
968,PKW5102,2803.23,2558.46,13.89,-88.68,5.55
968,PKW5103,2343.62,2122.63,13.8,-245.01,3.81
968,PKW5104,1012.51,1078.44,13.89,2.23,6.48
968,PKW5105,2799.73,2571.81,13.89,-88.68,5.14
968,PKW5106,1827.89,2780.77,13.89,-38.46,5.31
968,PKW5107,1919.36,1045.97,13.89,-185.98,3.86
968,PKW5108,2695.88,2454.52,13.89,-38.32,5.57
968,PKW5109,1829.74,2783.39,13.89,-38.46,6.2
968,PKW5110,1810.79,2794.36,13.89,-38.46,4.35
968,PKW5111,2586.45,839.07,8.68,-11.06,4.61
968,PKW5112,1579.31,870.7,13.89,-246.28,4.69
968,PKW5113,1913.31,1996.67,13.89,-234.84,5.71
968,PKW5114,1310.23,1346.39,2.6,-225.4,6.97
968,PKW5115,2288.87,1866.71,13.89,40.95,3.91
968,PKW5116,2533.4,730.07,13.89,-116.27,4.15
968,PKW5117,1782.9,1826.71,0.0,-27.5,6.75
968,PKW5118,1201.86,1476.31,13.89,-62.26,6.25
968,PKW5119,1465.98,654.54,7.8,-36.04,5.97
968,PKW5120,1829.54,1804.03,9.1,-19.14,6.57
968,PKW5121,1669.77,570.39,1.42,0.58,6.99
968,PKW5122,1494.17,1166.37,13.0,-34.74,6.58
968,PKW5123,2465.9,1631.69,13.89,-249.88,5.96
968,PKW5124,1467.85,657.12,7.8,-36.09,5.33
968,PKW5125,2113.67,2338.49,13.89,-216.03,4.21
968,PKW5126,1797.12,2809.3,13.89,-38.46,6.68
968,PKW5127,962.24,1070.08,13.89,2.23,6.29
968,PKW5128,962.12,1073.28,13.89,2.23,4.5
968,PKW5129,1188.88,1500.98,13.89,-62.26,4.59
968,PKW5130,1656.42,1874.5,0.0,-16.5,5.77
968,PKW5131,2738.87,2422.47,13.89,-42.31,5.88
968,PKW5132,2772.42,1968.9,0.0,78.16,6.89
968,PKW5133,2533.13,1387.04,0.0,-72.17,6.31
968,PKW5134,1521.6,1155.13,13.89,-34.76,3.52
968,PKW5135,2357.04,929.04,13.89,-17.95,5.18
968,PKW5136,2903.72,2327.16,0.0,-137.06,6.62
968,PKW5137,2570.35,844.13,13.18,-23.13,3.58
968,PKW5138,2909.21,2332.27,0.0,-137.06,5.07
968,PKW5139,2540.96,1358.6,0.0,-85.29,6.16
968,PKW5140,2502.74,910.07,9.96,-198.95,6.55
968,PKW5141,1252.22,1404.12,13.89,-54.18,4.02
968,PKW5142,2930.1,2201.76,0.0,-240.57,5.16
968,PKW5143,2515.96,2602.35,13.89,-35.27,4.8
968,PKW5144,1171.61,1539.02,13.89,-59.5,6.86
968,PKW5145,1976.75,2718.63,0.0,-112.9,5.69
968,PKW5146,2551.19,852.82,13.89,-25.59,3.91
968,PKW5147,2489.81,882.5,9.01,-17.62,6.44
968,PKW5148,1453.68,663.79,5.2,-39.52,5.14
968,PKW5149,2933.77,2195.24,0.0,-240.57,3.8
968,PKW5150,1786.02,569.61,13.89,-208.14,6.12
968,PKW5151,1161.66,1557.91,13.89,-73.44,4.55
968,PKW5152,1147.08,1816.62,0.0,-261.47,5.63
968,PKW5153,2927.43,1994.51,13.89,-3.65,3.53
968,PKW5154,1455.7,666.27,5.2,-39.52,6.83
968,PKW5155,892.85,1067.38,13.89,2.23,4.51
968,PKW5156,2531.99,891.9,13.89,-200.77,5.03
968,PKW5157,3614.87,1986.99,13.89,-184.0,4.33
968,PKW5158,2333.72,940.23,13.89,-18.75,4.06
968,PKW5159,2534.36,897.84,13.89,-200.86,5.46
968,PKW5160,2517.81,2604.96,13.89,-35.27,6.78
968,PKW5161,872.68,1069.8,13.89,2.23,3.74
968,PKW5162,2546.33,890.45,13.89,-197.3,6.58
968,PKW5163,2937.45,2188.73,0.0,-240.57,3.54
968,PKW5164,2530.84,1394.18,0.0,-70.61,4.38
968,PKW5165,2554.44,891.28,13.89,-197.29,5.93
968,PKW5166,2558.64,883.27,13.89,-197.29,4.13
968,PKW5167,2725.0,2435.09,12.76,-42.31,4.88
968,PKW5168,2668.16,927.58,13.89,58.63,5.16
968,PKW5169,2159.04,478.36,13.89,-175.04,6.4
968,PKW5170,1928.47,1975.14,13.89,-234.84,5.74
968,PKW5171,1754.25,586.59,7.8,-208.1,6.94
968,PKW5172,1660.5,570.91,6.03,-34.21,4.33
968,PKW5173,2134.52,2323.32,13.89,-216.03,3.74
968,PKW5174,1942.32,1955.55,8.95,-229.4,4.75
968,PKW5175,1418.14,1226.41,13.89,-41.64,6.17
968,PKW5176,2514.24,1473.81,13.89,-78.75,5.22
968,PKW5177,837.33,1065.22,13.89,2.23,5.02
968,PKW5178,1955.82,1954.7,8.95,-141.33,4.76
968,PKW5179,1743.91,1085.92,13.0,-181.02,6.13
968,PKW5180,2387.66,908.9,0.0,82.86,5.75
968,PKW5181,1684.61,2890.51,13.89,-38.46,5.01
968,PKW5182,2795.56,2752.44,13.89,-88.68,5.61
968,PKW5183,1671.69,2904.85,13.89,-38.46,6.42
968,PKW5184,1470.56,660.4,7.8,-32.69,5.69
968,PKW5185,1443.88,671.87,2.6,-39.52,5.29
968,PKW5186,2770.88,1961.56,0.0,78.16,6.26
968,PKW5187,2427.88,2682.96,2.0,-56.38,6.98
968,PKW5188,2599.51,874.43,13.89,-191.97,5.67
968,PKW5189,2794.92,2780.23,13.89,-88.68,4.19
968,PKW5190,2770.77,2086.9,0.0,-137.67,6.25
968,PKW5191,2029.9,2399.03,13.89,-215.81,5.71
968,PKW5192,2613.89,875.24,13.89,-184.69,5.62
968,PKW5194,2561.13,1285.89,13.58,-264.03,5.41
968,PKW5195,2643.31,877.9,6.92,-214.08,5.41
968,PKW5196,3711.87,1980.2,13.89,-184.0,3.69
968,PKW5197,1145.18,1660.0,13.89,-82.69,6.97
968,PKW5198,2698.19,2456.78,13.89,-38.33,6.66
968,PKW5200,1108.66,1799.97,0.0,4.34,3.63
968,PKW5201,1647.5,574.91,10.58,-5.73,4.95
968,PKW5202,2641.66,872.78,13.89,-192.39,4.83
968,PKW5203,2794.27,2808.02,13.89,-88.68,3.81
968,PKW5204,2694.45,2463.81,13.89,-38.33,4.46
968,PKW5205,1445.9,674.35,2.6,-39.52,6.26
968,PKW5206,2563.91,1261.6,13.89,-263.34,4.75
968,PKW5208,2434.64,558.88,13.89,-144.57,4.59
968,PKW5209,2797.14,2822.29,13.89,-88.68,6.27
968,PKW5210,767.81,1065.72,13.89,2.23,6.87
968,PKW5211,748.8,1068.18,13.89,2.23,6.17
968,PKW5212,1619.33,2942.36,13.89,-38.46,3.53
968,PKW5213,731.29,1064.3,13.89,2.23,5.58
968,PKW5214,1139.78,1701.3,13.89,-82.66,5.51
968,PKW5215,1621.22,2944.94,13.89,-38.46,6.16
968,PKW5216,2449.23,1727.51,9.81,-110.49,4.19
968,PKW5217,1143.27,1632.81,0.0,10.02,5.27
968,PKW5218,2919.17,2208.11,0.0,-240.58,6.71
968,PKW5219,2434.71,906.1,5.23,-19.11,6.03
968,PKW5220,2449.99,574.03,12.74,-113.85,4.28
968,PKW5221,2566.68,1237.82,10.44,-263.34,5.29
968,PKW5222,2597.89,836.83,0.0,-11.06,5.35
968,PKW5223,2069.56,477.2,0.0,-92.83,6.35
968,PKW5224,726.29,1060.9,13.89,2.23,6.83
968,PKW5226,1145.85,1824.22,0.0,-260.58,4.64
968,PKW5227,2484.09,1976.33,13.89,20.51,4.25
968,PKW5228,2475.66,2636.48,13.88,-31.08,3.59
968,PKW5229,2440.1,900.72,6.5,-20.12,5.17
968,PKW5230,2765.1,1949.57,0.0,78.16,6.59
968,PKW5231,3795.01,1974.38,13.89,-184.0,3.74
968,PKW5232,2941.12,2182.22,0.0,-240.57,3.68
968,PKW5233,2717.99,841.4,13.89,-194.77,6.93
968,PKW5234,2924.65,2204.9,0.0,-240.57,4.91
968,PKW5235,2201.64,481.73,13.89,-176.02,4.16
968,PKW5236,2718.81,844.49,13.89,-194.77,4.8
968,PKW5237,1575.8,2976.93,13.89,-38.46,5.77
968,PKW5238,1968.35,1965.34,8.95,-138.28,5.67
968,PKW5239,3822.72,1972.44,13.89,-184.0,3.96
968,PKW5240,2289.9,2672.82,0.0,0.05,3.6
968,PKW5241,2730.62,834.76,13.89,-194.77,3.83
968,PKW5242,2944.8,2175.71,0.0,-240.57,5.98
968,PKW5243,2739.5,839.04,13.89,-194.77,7.0
968,PKW5244,2763.56,1942.22,0.0,78.16,4.68
968,PKW5245,1436.09,678.3,0.0,-39.52,6.42
968,PKW5246,2119.76,2688.12,13.89,-182.9,5.85
968,PKW5247,2762.02,1934.88,0.0,78.16,5.07
968,PKW5248,1120.18,1780.0,13.89,-77.43,3.82
968,PKW5249,2769.34,1954.22,0.0,78.16,4.43
968,PKW5250,2757.48,827.68,13.89,-194.77,3.96
968,PKW5251,1903.75,1400.9,0.0,-117.63,4.49
968,PKW5252,2681.78,2469.75,13.73,-38.33,5.24
968,PKW5253,1898.65,1051.36,13.89,-185.97,4.14
968,PKW5254,1517.83,1149.97,13.89,-34.74,6.98
968,PKW5255,2175.07,1715.54,0.0,-224.13,4.99
968,PKW5256,1873.56,1339.51,0.0,54.92,5.05
968,PKW5257,2289.93,2676.02,0.0,0.05,4.49
968,PKW5258,1145.22,1771.57,13.89,86.5,6.59
968,PKW5259,2441.08,1958.84,13.89,22.69,4.51
968,PKW5260,2948.47,2169.19,0.0,-240.57,6.48
968,PKW5261,1523.32,3022.71,13.89,-38.46,4.58
968,PKW5262,1862.81,1832.15,0.0,-124.99,5.69
968,PKW5263,2776.25,2092.34,0.0,-111.5,4.19
968,PKW5264,1521.4,3020.15,13.89,-38.46,5.74
968,PKW5265,2223.03,484.3,13.89,-181.07,5.34
968,PKW5266,1419.02,1205.31,0.0,14.55,5.56
968,PKW5267,1869.39,1333.25,0.0,61.66,3.67
968,PKW5268,1493.96,1079.8,0.0,-248.36,4.43
968,PKW5269,1778.72,569.88,13.89,-208.14,3.59
968,PKW5270,615.26,1056.59,13.89,2.23,5.65
968,PKW5271,2501.22,1553.35,0.0,-168.17,5.03
968,PKW5272,2508.56,1554.89,0.0,-168.17,3.9
968,PKW5273,2790.1,2988.66,13.89,-88.68,5.19
968,PKW5274,1433.37,684.69,9.82,-39.52,6.43
968,PKW5275,1979.76,2717.54,0.0,-112.93,5.99
968,PKW5276,1101.89,1888.47,0.0,-75.61,6.33
968,PKW5277,2277.27,2672.79,0.0,0.38,6.51
968,PKW5278,1100.03,1895.74,0.15,-75.61,4.11
968,PKW5279,3919.71,1965.65,13.89,-184.0,4.85
968,PKW5280,587.5,1055.51,13.89,2.23,6.33
968,PKW5281,1488.76,3046.08,13.89,-38.46,4.78
968,PKW5282,2020.43,1052.84,0.0,-86.68,5.9
968,PKW5283,1098.13,1903.14,4.65,-75.61,6.78
968,PKW5284,1865.08,2339.4,3.88,-100.66,5.54
968,PKW5285,1940.7,1043.74,13.89,-182.07,4.5
968,PKW5286,2493.39,603.81,13.89,-210.71,3.84
968,PKW5287,1479.81,3057.27,13.89,-38.46,3.9
968,PKW5288,2839.69,812.62,13.89,-194.77,6.12
968,PKW5289,2958.85,2156.64,13.89,-205.28,5.83
968,PKW5290,2789.14,3030.34,13.89,-88.68,5.88
968,PKW5291,2962.98,2158.23,12.52,-205.28,4.79
968,PKW5292,1408.63,709.24,13.89,-39.52,3.84
968,PKW5293,2230.01,2682.07,13.89,-179.61,6.8
968,PKW5294,2778.95,2099.35,0.0,-110.07,5.26
968,PKW5295,2792.01,3044.47,13.89,-88.68,6.84
968,PKW5296,2795.21,3044.71,13.89,-88.68,5.2
968,PKW5297,2968.63,2148.48,13.89,-205.28,3.79
968,PKW5298,2180.46,1710.31,0.0,-222.16,6.61
968,PKW5299,2788.64,3051.71,13.88,-88.68,5.03
968,PKW5300,2879.99,802.0,13.89,-194.77,3.78
968,PKW5301,2070.66,499.56,8.33,-92.83,3.66
968,PKW5302,3975.14,1961.77,13.89,-184.0,5.29
968,PKW5303,2266.59,2682.32,8.86,-179.61,4.1
968,PKW5304,1980.53,1976.41,8.95,-137.3,6.13
968,PKW5305,2879.17,798.91,13.89,-194.77,3.67
968,PKW5306,2435.04,1939.09,0.0,-247.02,5.18
968,PKW5307,2221.4,490.96,0.0,-91.08,4.8
968,PKW5308,1091.56,1928.72,13.89,-75.61,5.27
968,PKW5309,1730.61,1612.37,13.89,-117.52,4.04
968,PKW5310,2484.45,916.34,11.34,-198.85,4.54
968,PKW5311,2562.51,1221.81,10.44,27.05,5.95
968,PKW5312,1868.85,2039.44,0.0,30.49,4.47
968,PKW5313,1979.67,2725.55,0.0,-112.9,6.58
968,PKW5314,1361.72,739.65,13.89,-39.52,6.37
968,PKW5315,2444.9,895.55,8.04,-20.1,3.51
968,PKW5316,1863.12,1319.74,10.35,66.95,6.43
968,PKW5317,1412.6,3106.58,13.89,-38.46,5.64
968,PKW5318,2026.78,1053.88,0.0,-86.67,5.08
968,PKW5319,2920.28,791.37,13.89,-194.77,4.41
968,PKW5320,1084.66,1955.63,13.89,-75.61,4.83
968,PKW5321,2442.21,1734.11,0.0,-0.75,4.0
968,PKW5322,1471.88,1182.37,10.54,-36.84,4.59
968,PKW5323,2304.64,1875.25,13.89,37.98,4.19
968,PKW5324,1399.75,3120.87,13.89,-38.46,5.62
968,PKW5326,2429.49,901.14,6.64,-18.83,6.52
968,PKW5327,1340.28,757.33,13.89,-39.52,4.44
968,PKW5328,2945.51,778.11,13.89,-194.77,5.19
968,PKW5329,2947.14,784.29,13.89,-194.77,3.6
968,PKW5330,1077.76,1982.53,13.89,-75.61,4.53
968,PKW5331,2422.2,907.0,9.59,-18.82,5.52
968,PKW5332,2595.52,560.52,13.89,-201.56,6.13
968,PKW5333,1862.39,2035.63,0.93,19.93,6.94
968,PKW5334,2586.51,2547.18,13.89,-39.77,4.95
968,PKW5335,2475.59,1595.93,13.89,-69.89,4.99
968,PKW5336,2439.45,1928.69,8.3,-247.02,5.14
968,PKW5337,2965.97,772.72,13.81,-194.77,3.89
968,PKW5338,1992.62,1987.56,8.95,-137.3,6.38
968,PKW5339,2974.01,777.21,13.89,-194.77,5.51
968,PKW5340,2425.85,1936.17,0.0,-247.02,5.95
968,PKW5341,2758.39,1917.58,11.84,78.16,5.3
968,PKW5342,1768.74,1686.47,13.89,-117.11,5.22
968,PKW5343,2428.78,1929.26,2.44,-247.02,6.98
968,PKW5344,2405.5,909.44,13.7,-20.77,4.14
968,PKW5345,420.82,1052.22,13.89,2.23,6.1
968,PKW5346,2263.27,2168.58,13.89,12.86,6.29
968,PKW5347,2188.29,1703.24,7.67,-222.02,3.71
968,PKW5348,2330.56,2197.35,3.32,-155.46,4.61
968,PKW5349,1362.13,3154.84,13.89,-38.46,6.47
968,PKW5350,2243.51,2164.58,13.7,8.05,5.21
968,PKW5351,407.06,1048.49,13.89,2.23,5.82
968,PKW5352,2222.94,2162.56,13.46,4.44,4.48
968,PKW5353,1349.28,3160.96,13.89,-38.46,6.05
968,PKW5354,2647.2,540.1,13.89,-201.56,5.2
968,PKW5355,1398.75,1202.51,13.28,2.42,4.81
968,PKW5356,4113.71,1952.07,13.89,-184.0,6.58
968,PKW5357,2366.63,922.57,13.89,-17.94,6.91
968,PKW5358,2201.99,2160.94,13.29,4.44,6.26
968,PKW5359,2468.0,880.19,0.0,59.92,6.52
968,PKW5360,3012.67,760.4,13.89,-194.77,5.98
968,PKW5361,2236.62,2745.93,13.89,-49.36,4.09
968,PKW5362,379.3,1047.41,13.89,2.23,5.93
968,PKW5363,2347.18,928.9,13.56,-18.76,5.12
968,PKW5364,2673.03,529.89,13.89,-201.56,6.96
968,PKW5365,1901.7,2512.75,13.89,-109.42,3.71
968,PKW5366,3122.64,2079.29,13.89,-205.28,4.99
968,PKW5367,4140.97,1943.74,13.89,-184.01,6.11
968,PKW5368,2562.85,1566.26,13.89,-168.18,3.57
968,PKW5369,3041.16,759.5,13.89,-194.77,6.94
968,PKW5370,365.17,1053.26,13.89,2.23,5.41
968,PKW5371,3137.03,2076.03,13.89,-205.28,5.88
968,PKW5372,1714.21,729.92,8.33,-100.91,5.15
968,PKW5373,1307.75,3198.03,13.89,-38.46,5.49
968,PKW5374,1668.24,1109.79,13.89,-195.03,3.87
968,PKW5375,2003.9,1993.62,13.89,-137.3,5.74
968,PKW5376,1050.14,2090.17,13.89,-75.61,4.02
968,PKW5377,2076.0,607.73,8.33,-92.83,6.68
968,PKW5378,2643.94,869.02,13.89,-193.61,5.64
968,PKW5379,3068.02,752.42,13.89,-194.77,4.0
968,PKW5380,1235.17,848.19,13.89,-39.52,6.42
968,PKW5381,2459.8,866.03,11.18,59.92,5.73
968,PKW5382,1237.2,850.66,13.89,-39.52,4.87
968,PKW5383,1915.51,2552.07,13.89,-110.29,3.51
968,PKW5384,1223.44,862.01,12.31,-39.52,5.7
968,PKW5385,3079.83,742.7,13.89,-194.77,6.26
968,PKW5386,1282.04,3210.29,13.89,-38.46,5.69
968,PKW5387,2795.08,2144.41,13.89,-109.52,4.24
968,PKW5388,2108.48,2630.72,8.33,-178.25,5.81
968,PKW5389,2287.54,949.0,13.89,-18.51,6.2
968,PKW5390,1825.13,1694.85,13.89,-225.76,4.35
968,PKW5391,1045.98,2132.13,13.89,-75.61,4.71
968,PKW5392,3094.89,745.34,13.89,-194.77,3.94
968,PKW5393,1784.14,1146.06,13.89,70.35,3.84
968,PKW5394,2786.56,3280.54,13.89,-88.68,5.62
968,PKW5395,2274.37,953.39,11.52,-18.4,6.09
968,PKW5396,2058.86,469.66,13.89,-175.17,5.05
968,PKW5397,2061.15,1468.53,8.33,-213.73,3.58
968,PKW5398,1706.52,567.71,13.89,-18.68,6.78
968,PKW5399,295.78,1050.56,13.89,2.23,5.33
968,PKW5400,1686.44,1976.75,8.33,-102.88,5.08
